"candidate_id","path","input_revision","git_blob","sha256","bytes","use","visual_qa","rights_scope"
"A01","assets/linkedin/source/osat-square.svg","67067c40a53b3c8d7e2256aa251fff2cae52f657","7618378e127cb9f18bc8c3b105ecda6cb184517f","eef497a943b3bc4af7b8a7ac5669cfce3501ca766b91f4796253b1588e75036f","2288","reference_only_not_selected","NOT_PERFORMED_IN_THIS_MILESTONE","See evidence-register and source governance; no new approval"
"A02","assets/linkedin/final/osat-square.png","67067c40a53b3c8d7e2256aa251fff2cae52f657","ca560cae084398a5d9a069519767aadb8818e083","5a3a3d7cc49396bab74ec72b94817cd4def74967170195127cb43665408c82c9","83760","reference_only_not_selected","NOT_PERFORMED_IN_THIS_MILESTONE","See evidence-register and source governance; no new approval"
"A03","assets/linkedin/source/osat-document-ad-6p-copy.md","67067c40a53b3c8d7e2256aa251fff2cae52f657","27cc4ebd9444d2d9326b27ba89fa51e06091231d","b901ae9cedd884967a2da74a245ac0c99b484274fea93e6f89444d8e1dc60677","3986","reference_only_not_selected","NOT_PERFORMED_IN_THIS_MILESTONE","See evidence-register and source governance; no new approval"
"A04","output/pdf/digiwin-osat-document-ad-6p.pdf","67067c40a53b3c8d7e2256aa251fff2cae52f657","e9a66a92d929127e7adb3aa626577596cafe293b","64defd157bbded2cdc245df22346f5b96c0d8702f53b470ec530c84d7c5881fa","98953","reference_only_not_selected","NOT_PERFORMED_IN_THIS_MILESTONE","See evidence-register and source governance; no new approval"
"A05","assets/linkedin/source/vy-four-locale-copy-register.md","67067c40a53b3c8d7e2256aa251fff2cae52f657","193fd402c26b8c783bac047e0a9f75893706268a","f00ca38134401bcd059de82a7a843632879825d72b09b6206e04b38b729ba02f","43017","reference_only_not_selected","NOT_PERFORMED_IN_THIS_MILESTONE","See evidence-register and source governance; no new approval"
"A06","assets/linkedin/source/carousel-proof-pre-generation-brief.md","67067c40a53b3c8d7e2256aa251fff2cae52f657","26988986ea74577a43d1de676d82f327fcdc1a80","573d0006c3afb944b36ec934ed42e42a336fee6dea0ea7c4211baa3e86d7ea3f","9967","reference_only_not_selected","NOT_PERFORMED_IN_THIS_MILESTONE","See evidence-register and source governance; no new approval"
"A07","assets/linkedin/final/carousel-car-01-taiwan-v1.png","67067c40a53b3c8d7e2256aa251fff2cae52f657","cf50e409c0cc4e9dafce6023335022fb9ade80df","8578486d99f8acc6038719460aaa0a11c5df3c5ed032c318d80a4133f6357aef","1618310","reference_only_not_selected","NOT_PERFORMED_IN_THIS_MILESTONE","See evidence-register and source governance; no new approval"
"A08","assets/linkedin/final/carousel-car-02-china-v1.png","67067c40a53b3c8d7e2256aa251fff2cae52f657","0a171d6d2045310c66256200630cb512b9e70d03","daab79ca316ba0e9a764baca8e41e5e7faa92cebfafc19943e91391d9eb5f344","1598327","reference_only_not_selected","NOT_PERFORMED_IN_THIS_MILESTONE","See evidence-register and source governance; no new approval"
"A09","assets/linkedin/final/carousel-car-03-proof-abstract-v1.png","67067c40a53b3c8d7e2256aa251fff2cae52f657","8eeaf57c68d25fc01c7052442fe0107be89b44b6","78a7ee4869ca1406a983958215544e96552729d4c02920bf5c950659da19f7f3","2215625","reference_only_not_selected","NOT_PERFORMED_IN_THIS_MILESTONE","See evidence-register and source governance; no new approval"
"A10","assets/linkedin/final/carousel-car-04-vietnam-v1.png","67067c40a53b3c8d7e2256aa251fff2cae52f657","2b6cc7cb3b5fd781bba7fae1b8fb014099f8a26d","8948f6cbf229ec87d65722104f56f42f38a5dde86ccb6786ffa1baeb0a634d2c","1465053","reference_only_not_selected","NOT_PERFORMED_IN_THIS_MILESTONE","See evidence-register and source governance; no new approval"
"A11","design-system/digiwin-semiconductor-marketing/MASTER.md","67067c40a53b3c8d7e2256aa251fff2cae52f657","038f0bd408a5f891b94effeb1ed683edf5c36154","cb51a4b3fcb053fc319fe21b5adc0d3cff92cc54b897935e216b8871d6b235cc","10275","reference_only_not_selected","NOT_PERFORMED_IN_THIS_MILESTONE","See evidence-register and source governance; no new approval"
