"id","relative_path","status","sha256","bytes","width","height","revision","anchor","tool_mode","copy_sha256","storyboard_sha256","prompt_reference","logo_reference","logo_sha256","style_reference","style_sha256"
"critical-A3-v1-native-png","A3-v1-native.png","TESTING_OFFLINE_DRAFT/AWAITING_PO_CRITICAL_REVIEW","2aa118e3ac15a3a535299f8d60a2b0a18facb7f458274ddf93498051af8f1f26","1683205","1254","1254","r3-ImageGen-V2","brand-frequency-qa.md","builtin_image_gen_generate","8f51b8d3144670206a2517f1be0b9bc2b4b7f7bcadaa671f0bd666b88a19e052","31d6fd686e50759e8a93805419338237ee12e331553eb78c5cc5559af77f08ca","prompts.md","../../production-r3/dependencies/digiwin-logo.webp","590fad6849066b20419100dd8e19a87565c378957c861c06189e47bfe2d45e4f","../a1-pilot/A1-v1-native.png","78e7611bbccd68424c2280b62785cea898a9727d293cf6c6e79b93571edecc38"
"critical-A5-v1-native-png","A5-v1-native.png","TESTING_OFFLINE_DRAFT/AWAITING_PO_CRITICAL_REVIEW","d54ea38914d52b710299b52715cc379f3af688dae26962b6b599e4dc6714d4ab","1712047","1254","1254","r3-ImageGen-V2","brand-frequency-qa.md","builtin_image_gen_generate","8f51b8d3144670206a2517f1be0b9bc2b4b7f7bcadaa671f0bd666b88a19e052","31d6fd686e50759e8a93805419338237ee12e331553eb78c5cc5559af77f08ca","prompts.md","../../production-r3/dependencies/digiwin-logo.webp","590fad6849066b20419100dd8e19a87565c378957c861c06189e47bfe2d45e4f","../a1-pilot/A1-v1-native.png","78e7611bbccd68424c2280b62785cea898a9727d293cf6c6e79b93571edecc38"
"critical-brand-frequency-qa-md","brand-frequency-qa.md","TESTING_OFFLINE_DRAFT/AWAITING_PO_CRITICAL_REVIEW","a245011456ccb4332d0217be370f8c854838ca309fc81171e662ad48108476fd","1809","","","r3-ImageGen-V2","brand-frequency-qa.md","documentation","8f51b8d3144670206a2517f1be0b9bc2b4b7f7bcadaa671f0bd666b88a19e052","31d6fd686e50759e8a93805419338237ee12e331553eb78c5cc5559af77f08ca","prompts.md","../../production-r3/dependencies/digiwin-logo.webp","590fad6849066b20419100dd8e19a87565c378957c861c06189e47bfe2d45e4f","../a1-pilot/A1-v1-native.png","78e7611bbccd68424c2280b62785cea898a9727d293cf6c6e79b93571edecc38"
"critical-contract-md","contract.md","TESTING_OFFLINE_DRAFT/AWAITING_PO_CRITICAL_REVIEW","9a8475b5d3e36d89428762a5d93769979ce65dbeaec23652885d22e52378050f","1809","","","r3-ImageGen-V2","brand-frequency-qa.md","documentation","8f51b8d3144670206a2517f1be0b9bc2b4b7f7bcadaa671f0bd666b88a19e052","31d6fd686e50759e8a93805419338237ee12e331553eb78c5cc5559af77f08ca","prompts.md","../../production-r3/dependencies/digiwin-logo.webp","590fad6849066b20419100dd8e19a87565c378957c861c06189e47bfe2d45e4f","../a1-pilot/A1-v1-native.png","78e7611bbccd68424c2280b62785cea898a9727d293cf6c6e79b93571edecc38"
"critical-handoff-md","handoff.md","TESTING_OFFLINE_DRAFT/AWAITING_PO_CRITICAL_REVIEW","0728db33665a5a36148e49d92b99d1ef0975dcc90c466684a4158f87e9157cea","2371","","","r3-ImageGen-V2","brand-frequency-qa.md","documentation","8f51b8d3144670206a2517f1be0b9bc2b4b7f7bcadaa671f0bd666b88a19e052","31d6fd686e50759e8a93805419338237ee12e331553eb78c5cc5559af77f08ca","prompts.md","../../production-r3/dependencies/digiwin-logo.webp","590fad6849066b20419100dd8e19a87565c378957c861c06189e47bfe2d45e4f","../a1-pilot/A1-v1-native.png","78e7611bbccd68424c2280b62785cea898a9727d293cf6c6e79b93571edecc38"
"critical-prompts-md","prompts.md","TESTING_OFFLINE_DRAFT/AWAITING_PO_CRITICAL_REVIEW","fab894ec41c2cb821e4f48558ca71f040112fabf4241e91676b08667084eca23","5423","","","r3-ImageGen-V2","brand-frequency-qa.md","documentation","8f51b8d3144670206a2517f1be0b9bc2b4b7f7bcadaa671f0bd666b88a19e052","31d6fd686e50759e8a93805419338237ee12e331553eb78c5cc5559af77f08ca","prompts.md","../../production-r3/dependencies/digiwin-logo.webp","590fad6849066b20419100dd8e19a87565c378957c861c06189e47bfe2d45e4f","../a1-pilot/A1-v1-native.png","78e7611bbccd68424c2280b62785cea898a9727d293cf6c6e79b93571edecc38"
"critical-README-md","README.md","TESTING_OFFLINE_DRAFT/AWAITING_PO_CRITICAL_REVIEW","7a396ba606110b9a98c4cb89fbb5d31d2ec2d7eeceaa48ff4744315222fff737","533","","","r3-ImageGen-V2","brand-frequency-qa.md","documentation","8f51b8d3144670206a2517f1be0b9bc2b4b7f7bcadaa671f0bd666b88a19e052","31d6fd686e50759e8a93805419338237ee12e331553eb78c5cc5559af77f08ca","prompts.md","../../production-r3/dependencies/digiwin-logo.webp","590fad6849066b20419100dd8e19a87565c378957c861c06189e47bfe2d45e4f","../a1-pilot/A1-v1-native.png","78e7611bbccd68424c2280b62785cea898a9727d293cf6c6e79b93571edecc38"
"critical-source-copy-json","source-copy.json","TESTING_OFFLINE_DRAFT/AWAITING_PO_CRITICAL_REVIEW","1256c75aba52272a99fd21d760850157d7bb9fe2ba794940213b5927a1f34e0d","2148","","","r3-ImageGen-V2","brand-frequency-qa.md","documentation","8f51b8d3144670206a2517f1be0b9bc2b4b7f7bcadaa671f0bd666b88a19e052","31d6fd686e50759e8a93805419338237ee12e331553eb78c5cc5559af77f08ca","prompts.md","../../production-r3/dependencies/digiwin-logo.webp","590fad6849066b20419100dd8e19a87565c378957c861c06189e47bfe2d45e4f","../a1-pilot/A1-v1-native.png","78e7611bbccd68424c2280b62785cea898a9727d293cf6c6e79b93571edecc38"
"critical-source-copy-md","source-copy.md","TESTING_OFFLINE_DRAFT/AWAITING_PO_CRITICAL_REVIEW","98d5078e4504ccc225e5641f4f6d2c7b8f041c42d6952760a2675e75bebc195a","1875","","","r3-ImageGen-V2","brand-frequency-qa.md","documentation","8f51b8d3144670206a2517f1be0b9bc2b4b7f7bcadaa671f0bd666b88a19e052","31d6fd686e50759e8a93805419338237ee12e331553eb78c5cc5559af77f08ca","prompts.md","../../production-r3/dependencies/digiwin-logo.webp","590fad6849066b20419100dd8e19a87565c378957c861c06189e47bfe2d45e4f","../a1-pilot/A1-v1-native.png","78e7611bbccd68424c2280b62785cea898a9727d293cf6c6e79b93571edecc38"
