id,relative_path,revision,status,sha256,bytes,width,height,baseline,source_map,anchor,anchor_sha256,tool_mode
first-touch-r2-build_fixture-py,build_fixture.py,first-touch-r2-pilot,PARTIAL_PILOT/READY_FOR_HUMAN_REVIEW,a85d82df21465bcafdf9ae44b816dcbdcc7606523a5897833ef50ddf2563c2c2,2443,,,3a0928c392303e8d8a9ab51ca50bfed88f919bd6,source-map.json,../first-touch-anchor.md,1d8dd5137bfa527c61a99229381e8599552a1f5b23c076c803cb41208b1b46f7,documentation_or_fixture
first-touch-r2-continuity-and-claim-map-md,continuity-and-claim-map.md,first-touch-r2-pilot,PARTIAL_PILOT/READY_FOR_HUMAN_REVIEW,c508ff3356a3cdcff99b4a91df4a3acf8ddea26dcebc80671d15da4a9f59ea82,1755,,,3a0928c392303e8d8a9ab51ca50bfed88f919bd6,source-map.json,../first-touch-anchor.md,1d8dd5137bfa527c61a99229381e8599552a1f5b23c076c803cb41208b1b46f7,documentation_or_fixture
first-touch-r2-contract-md,contract.md,first-touch-r2-pilot,PARTIAL_PILOT/READY_FOR_HUMAN_REVIEW,2567e9aa33ef66377787f55100bd0c3d2bc8810135114454abe284901810f2e9,2135,,,3a0928c392303e8d8a9ab51ca50bfed88f919bd6,source-map.json,../first-touch-anchor.md,1d8dd5137bfa527c61a99229381e8599552a1f5b23c076c803cb41208b1b46f7,documentation_or_fixture
first-touch-r2-copy-vi-json,copy-vi.json,first-touch-r2-pilot,PARTIAL_PILOT/READY_FOR_HUMAN_REVIEW,e4b9cb5531a462f9c1a202e971925319d293e3d3006e281562a0f63702516f76,5724,,,3a0928c392303e8d8a9ab51ca50bfed88f919bd6,source-map.json,../first-touch-anchor.md,1d8dd5137bfa527c61a99229381e8599552a1f5b23c076c803cb41208b1b46f7,documentation_or_fixture
first-touch-r2-copy-vi-md,copy-vi.md,first-touch-r2-pilot,PARTIAL_PILOT/READY_FOR_HUMAN_REVIEW,7c2bc7be85ed22e3c45c167da17e0bebafd42f2b1b1e06a79942d6e479d50742,5084,,,3a0928c392303e8d8a9ab51ca50bfed88f919bd6,source-map.json,../first-touch-anchor.md,1d8dd5137bfa527c61a99229381e8599552a1f5b23c076c803cb41208b1b46f7,documentation_or_fixture
first-touch-r2-handoff-md,handoff.md,first-touch-r2-pilot,PARTIAL_PILOT/READY_FOR_HUMAN_REVIEW,b47145500e41abdbaff4e88b5fce97b8fcd978624e678e218d83b4f050282296,1358,,,3a0928c392303e8d8a9ab51ca50bfed88f919bd6,source-map.json,../first-touch-anchor.md,1d8dd5137bfa527c61a99229381e8599552a1f5b23c076c803cb41208b1b46f7,documentation_or_fixture
first-touch-r2-human-review-receipt-md,human-review-receipt.md,first-touch-r2-pilot,PARTIAL_PILOT/READY_FOR_HUMAN_REVIEW,ea151b89f5ef2afeb2cbb722fa5307c763019117bf5d8dcb816f695706fcba07,1501,,,3a0928c392303e8d8a9ab51ca50bfed88f919bd6,source-map.json,../first-touch-anchor.md,1d8dd5137bfa527c61a99229381e8599552a1f5b23c076c803cb41208b1b46f7,documentation_or_fixture
first-touch-r2-imagegen-prompts-md,imagegen-prompts.md,first-touch-r2-pilot,PARTIAL_PILOT/READY_FOR_HUMAN_REVIEW,03c6ca7dbf5b188d9bc3fe491500cc73a99d790b5f1cc04268898a2844f3ef71,2209,,,3a0928c392303e8d8a9ab51ca50bfed88f919bd6,source-map.json,../first-touch-anchor.md,1d8dd5137bfa527c61a99229381e8599552a1f5b23c076c803cb41208b1b46f7,documentation_or_fixture
first-touch-r2-imagegen-receipt-json,imagegen-receipt.json,first-touch-r2-pilot,PARTIAL_PILOT/READY_FOR_HUMAN_REVIEW,9f259b82adf0451e383f24e3ea2bca86baaee10775c9b980554b438e0543195a,1281,,,3a0928c392303e8d8a9ab51ca50bfed88f919bd6,source-map.json,../first-touch-anchor.md,1d8dd5137bfa527c61a99229381e8599552a1f5b23c076c803cb41208b1b46f7,documentation_or_fixture
first-touch-r2-index-html,index.html,first-touch-r2-pilot,PARTIAL_PILOT/READY_FOR_HUMAN_REVIEW,705a672d0d85335032ee553236bb3f19726a9361544cc16827519e0836dcec86,8922399,,,3a0928c392303e8d8a9ab51ca50bfed88f919bd6,source-map.json,../first-touch-anchor.md,1d8dd5137bfa527c61a99229381e8599552a1f5b23c076c803cb41208b1b46f7,documentation_or_fixture
first-touch-r2-README-md,README.md,first-touch-r2-pilot,PARTIAL_PILOT/READY_FOR_HUMAN_REVIEW,e2530dc435a48ddef5d99b19033c0034cf24de0ff324df9ec76b2c899fe6910f,1283,,,3a0928c392303e8d8a9ab51ca50bfed88f919bd6,source-map.json,../first-touch-anchor.md,1d8dd5137bfa527c61a99229381e8599552a1f5b23c076c803cb41208b1b46f7,documentation_or_fixture
first-touch-r2-rendered-copy-json,rendered-copy.json,first-touch-r2-pilot,PARTIAL_PILOT/READY_FOR_HUMAN_REVIEW,0b3d2d39690e6bd32311cbf98dab0552e5b4de95cee4c5e1925f0c285bfcc9dc,5819,,,3a0928c392303e8d8a9ab51ca50bfed88f919bd6,source-map.json,../first-touch-anchor.md,1d8dd5137bfa527c61a99229381e8599552a1f5b23c076c803cb41208b1b46f7,documentation_or_fixture
first-touch-r2-shared-cover-native-png,shared-cover-native.png,first-touch-r2-pilot,PARTIAL_PILOT/READY_FOR_HUMAN_REVIEW,7d740c1687153ca67521edb17002cd8feb265120863ea903c669b4c6e3914f36,1676618,1254,1254,3a0928c392303e8d8a9ab51ca50bfed88f919bd6,source-map.json,../first-touch-anchor.md,1d8dd5137bfa527c61a99229381e8599552a1f5b23c076c803cb41208b1b46f7,builtin_imagegen_native
first-touch-r2-source-map-json,source-map.json,first-touch-r2-pilot,PARTIAL_PILOT/READY_FOR_HUMAN_REVIEW,8586d56b1af6c14107ee660bc2290a52f2e5b1416e4ffbc057a20a50c061bcbe,3261,,,3a0928c392303e8d8a9ab51ca50bfed88f919bd6,source-map.json,../first-touch-anchor.md,1d8dd5137bfa527c61a99229381e8599552a1f5b23c076c803cb41208b1b46f7,documentation_or_fixture
first-touch-r2-template-html,template.html,first-touch-r2-pilot,PARTIAL_PILOT/READY_FOR_HUMAN_REVIEW,8d79add75dca4ea37cf2c6bd3b61a82116cc97606ed3a477dce4d6997d6ae97f,10391,,,3a0928c392303e8d8a9ab51ca50bfed88f919bd6,source-map.json,../first-touch-anchor.md,1d8dd5137bfa527c61a99229381e8599552a1f5b23c076c803cb41208b1b46f7,documentation_or_fixture
