artifact_id,relative_path,ad_id,card_order,cohort,locale,revision,status,sha256,bytes,width,height,anchor_reference,source_revision,source_ids
_GITIGNORE,.gitignore,,,,,r1,TESTING_OFFLINE_DRAFT,5b34e7eefc2aa2c992e6cc171fd9853fc975c416e142aca2fcc1866812a756b3,103,,,polish-logic-anchor.md,71226fe + exact R3 working-tree,R3-inputs
ADCOPY_JSON,adcopy.json,,,,vi,R3,TESTING_OFFLINE_DRAFT,148e4b28e2472b72ff8ca1ea3377964101042f09dfd3fe4e947faa6823c6d3ad,10909,,,polish-logic-anchor.md,71226fe + exact R3 working-tree,R3-inputs
ADCOPY_MD,adcopy.md,,,,vi,R3,TESTING_OFFLINE_DRAFT,b8e6752aaf55199aa87a48ad92b29b48d56d0e16ec23f40ae87a9b37aa2eae28,10148,,,polish-logic-anchor.md,71226fe + exact R3 working-tree,R3-inputs
BUILD_PACK_PY,build_pack.py,,,,,r1,TESTING_OFFLINE_DRAFT,0bf097bef7a78f69c0e871fa6e450139ee8b83c5ebf47125f73cfb84a2e24ec5,11983,,,polish-logic-anchor.md,71226fe + exact R3 working-tree,R3-inputs
CAPTURE_PREVIEW_CJS,capture_preview.cjs,,,,,r1,TESTING_OFFLINE_DRAFT,200064e3c9382456605a2850e46b50b7371b54eb77a160d119ff50ce32b0fe4c,2264,,,polish-logic-anchor.md,71226fe + exact R3 working-tree,R3-inputs
CONTRACT_MD,contract.md,,,,,r1,TESTING_OFFLINE_DRAFT,1c30741c3664cda0ba03941d0e0433c6660678135ae5ff806de779ed4dd415d2,2597,,,polish-logic-anchor.md,71226fe + exact R3 working-tree,R3-inputs
DEPENDENCIES__DIGIWIN-LOGO_WEBP,dependencies/digiwin-logo.webp,,,,,r1,TESTING_OFFLINE_DRAFT,590fad6849066b20419100dd8e19a87565c378957c861c06189e47bfe2d45e4f,3170,,,polish-logic-anchor.md,71226fe + exact R3 working-tree,R3-inputs
DEPENDENCIES__FONTS-SOURCE_CSS,dependencies/fonts-source.css,,,,,r1,TESTING_OFFLINE_DRAFT,72def7eb5bf7ea4810401dfd94cb513ec71c8f024cb1b7699c1ca5c51be72be7,1137,,,polish-logic-anchor.md,71226fe + exact R3 working-tree,R3-inputs
DEPENDENCIES__OUTFIT-600_TTF,dependencies/Outfit-600.ttf,,,,,r1,TESTING_OFFLINE_DRAFT,8900df5726b5a6f23e723594f11d5ea27e695bd85c884f18d88ed080544fe205,48456,,,polish-logic-anchor.md,71226fe + exact R3 working-tree,R3-inputs
DEPENDENCIES__OUTFIT-700_TTF,dependencies/Outfit-700.ttf,,,,,r1,TESTING_OFFLINE_DRAFT,49dcdf653a004a2575b3de649f5e4c549d774fecddf317812330edd0ad70685a,48340,,,polish-logic-anchor.md,71226fe + exact R3 working-tree,R3-inputs
DEPENDENCIES__OUTFIT-OFL_TXT,dependencies/outfit-OFL.txt,,,,,r1,TESTING_OFFLINE_DRAFT,c676351bf8576b9aba743cd5eaa8c0e7ee0d51f805d720447b4df4ddb6a2e416,4389,,,polish-logic-anchor.md,71226fe + exact R3 working-tree,R3-inputs
DEPENDENCIES__PROVENANCE_JSON,dependencies/provenance.json,,,,,r1,TESTING_OFFLINE_DRAFT,b1b0ec681dc99dcae38e4f7608675f01df38951f6a2d902d86454feb0097e0e7,2074,,,polish-logic-anchor.md,71226fe + exact R3 working-tree,R3-inputs
DEPENDENCIES__WORKSANS-400_TTF,dependencies/WorkSans-400.ttf,,,,,r1,TESTING_OFFLINE_DRAFT,a131e7022b34ef1950a9d6bdda16f5d4509cc1fe1af5991a4552febd2a4027e5,114144,,,polish-logic-anchor.md,71226fe + exact R3 working-tree,R3-inputs
DEPENDENCIES__WORKSANS-500_TTF,dependencies/WorkSans-500.ttf,,,,,r1,TESTING_OFFLINE_DRAFT,caf10fc6636298661234c70bfd5c806835ea65a3b594b5fb3899bf164286f2ff,114612,,,polish-logic-anchor.md,71226fe + exact R3 working-tree,R3-inputs
DEPENDENCIES__WORKSANS-600_TTF,dependencies/WorkSans-600.ttf,,,,,r1,TESTING_OFFLINE_DRAFT,4bcd994d0502df7c45f2e3c3c95411e92a3cb240fa0167bd2bd74abaae0dcb56,115376,,,polish-logic-anchor.md,71226fe + exact R3 working-tree,R3-inputs
DEPENDENCIES__WORKSANS-OFL_TXT,dependencies/worksans-OFL.txt,,,,,r1,TESTING_OFFLINE_DRAFT,749aca05078664ce682dce1b1b10096ac397cb088c1a6df4e1bb56f0092a9272,4396,,,polish-logic-anchor.md,71226fe + exact R3 working-tree,R3-inputs
HANDOFF_MD,handoff.md,,,,,r1,TESTING_OFFLINE_DRAFT,e873cace689c64836ed16d63a2bc4afbb89eb021b68cb4d6d7e1e32d161e7647,4688,,,polish-logic-anchor.md,71226fe + exact R3 working-tree,R3-inputs
LAYOUT-EVIDENCE_JSON,layout-evidence.json,,,,,r1,TESTING_OFFLINE_DRAFT,b1faddcddc0b2356a572118a49757d99e297cd9febded7040e60f0bdc0c832c2,1033,,,polish-logic-anchor.md,71226fe + exact R3 working-tree,R3-inputs
PNG__A1_PNG,png/A1.png,Q-A-VI-R3,1,Quality/Process,vi,R3,TESTING_OFFLINE_DRAFT,448aaec755b405c00afb67b4a95f7534fd901e07d0a6e8d5228938ea18efec35,100106,1080,1080,polish-logic-anchor.md,71226fe + exact R3 working-tree,L1;L2;A03;P1;P2
PNG__A2_PNG,png/A2.png,Q-A-VI-R3,2,Quality/Process,vi,R3,TESTING_OFFLINE_DRAFT,97cd3d80fea08cd526dc42bfb4d051e60d44d6a5ee2097834d17d8e1fe129562,90983,1080,1080,polish-logic-anchor.md,71226fe + exact R3 working-tree,L1;L2;A03;P1;P2
PNG__A3_PNG,png/A3.png,Q-A-VI-R3,3,Quality/Process,vi,R3,TESTING_OFFLINE_DRAFT,da885018b92a12e43dcef0c06d9576c8ea70b7465771c43a76e771db5e68f4b8,107228,1080,1080,polish-logic-anchor.md,71226fe + exact R3 working-tree,L1;L2;A03;P1;P2
PNG__A4_PNG,png/A4.png,Q-A-VI-R3,4,Quality/Process,vi,R3,TESTING_OFFLINE_DRAFT,8fc9834172a14bfe7cda6ed0e3358f416ea6c1dc2a2cf22ba2e7a0e1d50c42c2,96741,1080,1080,polish-logic-anchor.md,71226fe + exact R3 working-tree,L1;L2;A03;P1;P2
PNG__A5_PNG,png/A5.png,Q-A-VI-R3,5,Quality/Process,vi,R3,TESTING_OFFLINE_DRAFT,4d5636bab49a14c6ce3c27691762ed2b2b79e4709d426f74f106a9b3e88c1170,114109,1080,1080,polish-logic-anchor.md,71226fe + exact R3 working-tree,L1;L2;A03;P1;P2
PNG__B1_PNG,png/B1.png,Q-B-VI-R3,1,Quality/Process,vi,R3,TESTING_OFFLINE_DRAFT,49ddc00e44daa1ecc22b3a65d4db5479b51b825d68c6f1a2f554427c3d8250f2,100845,1080,1080,polish-logic-anchor.md,71226fe + exact R3 working-tree,L1;L2;A03;P1;P2
PNG__B2_PNG,png/B2.png,Q-B-VI-R3,2,Quality/Process,vi,R3,TESTING_OFFLINE_DRAFT,b7963d699df6b198736daaa0b68144daebf493b31bed0fc1badcfd28a144d83a,92554,1080,1080,polish-logic-anchor.md,71226fe + exact R3 working-tree,L1;L2;A03;P1;P2
PNG__B3_PNG,png/B3.png,Q-B-VI-R3,3,Quality/Process,vi,R3,TESTING_OFFLINE_DRAFT,ed30d9446c0be8c7d816ac8c7d0c0fe3a577730a58af20b4a541a4b94caa6f3a,101117,1080,1080,polish-logic-anchor.md,71226fe + exact R3 working-tree,L1;L2;A03;P1;P2
PNG__B4_PNG,png/B4.png,Q-B-VI-R3,4,Quality/Process,vi,R3,TESTING_OFFLINE_DRAFT,3381dc0a5edf60d71191f0919f4adf506196c469b0ef59e90c1271df3e3dda26,95810,1080,1080,polish-logic-anchor.md,71226fe + exact R3 working-tree,L1;L2;A03;P1;P2
PNG__B5_PNG,png/B5.png,Q-B-VI-R3,5,Quality/Process,vi,R3,TESTING_OFFLINE_DRAFT,4d5636bab49a14c6ce3c27691762ed2b2b79e4709d426f74f106a9b3e88c1170,114109,1080,1080,polish-logic-anchor.md,71226fe + exact R3 working-tree,L1;L2;A03;P1;P2
POLISH-LOGIC-ANCHOR_MD,polish-logic-anchor.md,,,,,r1,TESTING_NON_CANONICAL,b6178affb517d563365284057a306421860dee1be189d439fd451bff7f5abd3d,2178,,,polish-logic-anchor.md,71226fe + exact R3 working-tree,R3-inputs
PREVIEW_HTML,preview.html,,,,vi,R3,TESTING_OFFLINE_DRAFT,d9203600245d04688498c305e63ffb320b1d2c6026c8fa7e02795a427634d13b,1356917,,,polish-logic-anchor.md,71226fe + exact R3 working-tree,R3-inputs
QA__A-CONTACT-SHEET_PNG,qa/A-contact-sheet.png,,,,,r1,TESTING_OFFLINE_DRAFT,937b43d7a6b0b0ee27bc9597ebb597f22433393566ae45774a1f2206fca9a893,408293,1620,1110,polish-logic-anchor.md,71226fe + exact R3 working-tree,R3-inputs
QA__A1-FEED312_PNG,qa/A1-feed312.png,Q-A-VI-R3,1,Quality/Process,vi,R3,TESTING_OFFLINE_DRAFT,9e2e1d94dc74fe19ded9679b2b8685a203b2b05dd95354dbc710181ca73c4706,49367,312,312,polish-logic-anchor.md,71226fe + exact R3 working-tree,L1;L2;A03;P1;P2
QA__A2-FEED312_PNG,qa/A2-feed312.png,Q-A-VI-R3,2,Quality/Process,vi,R3,TESTING_OFFLINE_DRAFT,51dd7405671378a62648c3f81b1ea101820e0647e77e3d113bf48039395bfcc7,46010,312,312,polish-logic-anchor.md,71226fe + exact R3 working-tree,L1;L2;A03;P1;P2
QA__A3-FEED312_PNG,qa/A3-feed312.png,Q-A-VI-R3,3,Quality/Process,vi,R3,TESTING_OFFLINE_DRAFT,2e0ea7e19210630ff2064bf37edf5a30c58d3e7a3ded0adddb25cd370fb45feb,55343,312,312,polish-logic-anchor.md,71226fe + exact R3 working-tree,L1;L2;A03;P1;P2
QA__A4-FEED312_PNG,qa/A4-feed312.png,Q-A-VI-R3,4,Quality/Process,vi,R3,TESTING_OFFLINE_DRAFT,cd553c430e791e94dab57ac50d9dbee2799050b94dc3ef9937960657ef75b873,48897,312,312,polish-logic-anchor.md,71226fe + exact R3 working-tree,L1;L2;A03;P1;P2
QA__A5-FEED312_PNG,qa/A5-feed312.png,Q-A-VI-R3,5,Quality/Process,vi,R3,TESTING_OFFLINE_DRAFT,0bf4976da2f5c9396640922fb487b218141a2337d36590f48ff6bb372af92c2c,56519,312,312,polish-logic-anchor.md,71226fe + exact R3 working-tree,L1;L2;A03;P1;P2
QA__B-CONTACT-SHEET_PNG,qa/B-contact-sheet.png,,,,,r1,TESTING_OFFLINE_DRAFT,634003fc74cfac856bcc53f0ccb3dd08a831cce2d2f9984f3671d9549518da28,403502,1620,1110,polish-logic-anchor.md,71226fe + exact R3 working-tree,R3-inputs
QA__B1-FEED312_PNG,qa/B1-feed312.png,Q-B-VI-R3,1,Quality/Process,vi,R3,TESTING_OFFLINE_DRAFT,89b8abe13a132c9275dc4700e506549f1422225d37560f82a14a04acd6788b3f,50105,312,312,polish-logic-anchor.md,71226fe + exact R3 working-tree,L1;L2;A03;P1;P2
QA__B2-FEED312_PNG,qa/B2-feed312.png,Q-B-VI-R3,2,Quality/Process,vi,R3,TESTING_OFFLINE_DRAFT,35406181232b1279ea5e3096dfcf60574e8af920d6ade455690188a2f4d37abe,45011,312,312,polish-logic-anchor.md,71226fe + exact R3 working-tree,L1;L2;A03;P1;P2
QA__B3-FEED312_PNG,qa/B3-feed312.png,Q-B-VI-R3,3,Quality/Process,vi,R3,TESTING_OFFLINE_DRAFT,5b39a1f4034ef2784050e13fd63bf3183ee9695cdc7babbf391cf9df58bd70f2,52078,312,312,polish-logic-anchor.md,71226fe + exact R3 working-tree,L1;L2;A03;P1;P2
QA__B4-FEED312_PNG,qa/B4-feed312.png,Q-B-VI-R3,4,Quality/Process,vi,R3,TESTING_OFFLINE_DRAFT,3a2e327a29738cec0da156ff4aaa0b3e009f93b9658ebda99ee7b8b702ba8bc6,48742,312,312,polish-logic-anchor.md,71226fe + exact R3 working-tree,L1;L2;A03;P1;P2
QA__B5-FEED312_PNG,qa/B5-feed312.png,Q-B-VI-R3,5,Quality/Process,vi,R3,TESTING_OFFLINE_DRAFT,0bf4976da2f5c9396640922fb487b218141a2337d36590f48ff6bb372af92c2c,56519,312,312,polish-logic-anchor.md,71226fe + exact R3 working-tree,L1;L2;A03;P1;P2
QA__PREVIEW-DESKTOP_PNG,qa/preview-desktop.png,,,,,r1,TESTING_OFFLINE_DRAFT,e399530a155487dde5b2a58bdf16c79600f3061693c1767f1e2792dcf314bbcf,182947,1440,1100,polish-logic-anchor.md,71226fe + exact R3 working-tree,R3-inputs
QA__PREVIEW-MOBILE_PNG,qa/preview-mobile.png,,,,,r1,TESTING_OFFLINE_DRAFT,1dd4822ea4c44c59af8bd7220b92a1aac417614005669a324b8746a118aca243,61477,390,844,polish-logic-anchor.md,71226fe + exact R3 working-tree,R3-inputs
QA__PREVIEW-VIEWPORT-EVIDENCE_JSON,qa/preview-viewport-evidence.json,,,,,r1,TESTING_OFFLINE_DRAFT,44f5ee845e5ead899365f270b0aed9b650e9f19e31206f2ff76d12a28e1163a7,234,,,polish-logic-anchor.md,71226fe + exact R3 working-tree,R3-inputs
README_MD,README.md,,,,,r1,TESTING_OFFLINE_DRAFT,c05c0566efbb4ee6ebcde500bf14030d7bb76eb32b964cbd351fef31daf386b0,1342,,,polish-logic-anchor.md,71226fe + exact R3 working-tree,R3-inputs
SVG__A1_SVG,svg/A1.svg,Q-A-VI-R3,1,Quality/Process,vi,R3,TESTING_OFFLINE_DRAFT,c1a50bc0f121ff355ac2920558aadbccac62b2714f6dcb9817a2a941984b09ab,595036,1080,1080,polish-logic-anchor.md,71226fe + exact R3 working-tree,L1;L2;A03;P1;P2
SVG__A2_SVG,svg/A2.svg,Q-A-VI-R3,2,Quality/Process,vi,R3,TESTING_OFFLINE_DRAFT,3b479084008bf02deaabdf89b1059f2fe5ade4b86c72f2c8abc8e00730d8b1f2,595166,1080,1080,polish-logic-anchor.md,71226fe + exact R3 working-tree,L1;L2;A03;P1;P2
SVG__A3_SVG,svg/A3.svg,Q-A-VI-R3,3,Quality/Process,vi,R3,TESTING_OFFLINE_DRAFT,1413d85e494ee56a18d589e853d24c2e96cb41c53e23d6e5806757ff0adaf2a7,595772,1080,1080,polish-logic-anchor.md,71226fe + exact R3 working-tree,L1;L2;A03;P1;P2
SVG__A4_SVG,svg/A4.svg,Q-A-VI-R3,4,Quality/Process,vi,R3,TESTING_OFFLINE_DRAFT,e32c1e919a394e8066681b2b13f8f8bbfa2469d1408f9c2c00ea93b666ef3dbe,595390,1080,1080,polish-logic-anchor.md,71226fe + exact R3 working-tree,L1;L2;A03;P1;P2
SVG__A5_SVG,svg/A5.svg,Q-A-VI-R3,5,Quality/Process,vi,R3,TESTING_OFFLINE_DRAFT,3a107792c399a666f0ed59f39c729a38cbf1b673fbffded411484e6a083892c4,595377,1080,1080,polish-logic-anchor.md,71226fe + exact R3 working-tree,L1;L2;A03;P1;P2
SVG__B1_SVG,svg/B1.svg,Q-B-VI-R3,1,Quality/Process,vi,R3,TESTING_OFFLINE_DRAFT,30bba0e64c2682e099f9bc129c7e3bb7d518866de13a75b94cc112c2ff870637,595111,1080,1080,polish-logic-anchor.md,71226fe + exact R3 working-tree,L1;L2;A03;P1;P2
SVG__B2_SVG,svg/B2.svg,Q-B-VI-R3,2,Quality/Process,vi,R3,TESTING_OFFLINE_DRAFT,e159b2e9220df5c6026c77a0be4fd418ab4acef50f02a9af0d5d8e8141255843,595013,1080,1080,polish-logic-anchor.md,71226fe + exact R3 working-tree,L1;L2;A03;P1;P2
SVG__B3_SVG,svg/B3.svg,Q-B-VI-R3,3,Quality/Process,vi,R3,TESTING_OFFLINE_DRAFT,5d8bd5274ab43915e9566397bc2ab7e9f7eda53871f92fe6ccdc91d322312bf5,595607,1080,1080,polish-logic-anchor.md,71226fe + exact R3 working-tree,L1;L2;A03;P1;P2
SVG__B4_SVG,svg/B4.svg,Q-B-VI-R3,4,Quality/Process,vi,R3,TESTING_OFFLINE_DRAFT,12957a53d2ca5dc78e374f8e0cbc2e2ecf6c79b1d7e24b176b19d815fffeb6c9,595220,1080,1080,polish-logic-anchor.md,71226fe + exact R3 working-tree,L1;L2;A03;P1;P2
SVG__B5_SVG,svg/B5.svg,Q-B-VI-R3,5,Quality/Process,vi,R3,TESTING_OFFLINE_DRAFT,3a107792c399a666f0ed59f39c729a38cbf1b673fbffded411484e6a083892c4,595377,1080,1080,polish-logic-anchor.md,71226fe + exact R3 working-tree,L1;L2;A03;P1;P2
