"id","relative_path","revision","status","sha256","bytes","width","height","tool_mode","anchor","copy_reference","copy_sha256","frozen_r3_sha256","prompt_id","prompt_reference","receipt_reference","logo_id","logo_reference","logo_sha256","style_id","style_reference","style_sha256","edit_target","actual_reference_ids"
"remaining-A2-v2-native-png","A2-v2-native.png","VI-V2-po-rules-20261001","SUPERSEDED_DEFECT","d752c0fc83c0601bde234b488259b15b8ce0da640084e16ae5ce34e010457ef1","1651367","1254","1254","builtin_image_gen","../pipeline-qa-and-prompt-anchor.md","../revised-copy-vi-v2.json","634db62f615f294d125a8355aac2862e2faebc12d3910ab2c3876d6ce625304b","8f51b8d3144670206a2517f1be0b9bc2b4b7f7bcadaa671f0bd666b88a19e052","A2","prompts.md","tool-receipts.json","official-digiwin-logo","../../production-r3/dependencies/digiwin-logo.webp","590fad6849066b20419100dd8e19a87565c378957c861c06189e47bfe2d45e4f","historical-A1-style","../a1-pilot/A1-v1-native.png","78e7611bbccd68424c2280b62785cea898a9727d293cf6c6e79b93571edecc38","","official-digiwin-logo;historical-A1-style"
"remaining-A2-v3-native-png","A2-v3-native.png","VI-V2-po-rules-20261001","TESTING_OFFLINE_DRAFT/READY_FOR_PO_REVIEW","c5f3e3a095b248e6a7ab2046354b34a058bbd4c8151c7ac1488dd817cb993a74","1678280","1254","1254","builtin_image_gen","../pipeline-qa-and-prompt-anchor.md","../revised-copy-vi-v2.json","634db62f615f294d125a8355aac2862e2faebc12d3910ab2c3876d6ce625304b","8f51b8d3144670206a2517f1be0b9bc2b4b7f7bcadaa671f0bd666b88a19e052","A2-correction","prompts.md","tool-receipts.json","official-digiwin-logo","../../production-r3/dependencies/digiwin-logo.webp","590fad6849066b20419100dd8e19a87565c378957c861c06189e47bfe2d45e4f","historical-A1-style","../a1-pilot/A1-v1-native.png","78e7611bbccd68424c2280b62785cea898a9727d293cf6c6e79b93571edecc38","A2-v2-native.png","edit-target:A2-v2-native.png only"
"remaining-A4-v2-native-png","A4-v2-native.png","VI-V2-po-rules-20261001","TESTING_OFFLINE_DRAFT/READY_FOR_PO_REVIEW","c4a43e871d202aa8c8d264eb0e578b03a0e152c3845cad54094af2391e1eba63","1577073","1254","1254","builtin_image_gen","../pipeline-qa-and-prompt-anchor.md","../revised-copy-vi-v2.json","634db62f615f294d125a8355aac2862e2faebc12d3910ab2c3876d6ce625304b","8f51b8d3144670206a2517f1be0b9bc2b4b7f7bcadaa671f0bd666b88a19e052","A4","prompts.md","tool-receipts.json","official-digiwin-logo","../../production-r3/dependencies/digiwin-logo.webp","590fad6849066b20419100dd8e19a87565c378957c861c06189e47bfe2d45e4f","historical-A1-style","../a1-pilot/A1-v1-native.png","78e7611bbccd68424c2280b62785cea898a9727d293cf6c6e79b93571edecc38","","official-digiwin-logo;historical-A1-style"
"remaining-B1-v2-native-png","B1-v2-native.png","VI-V2-po-rules-20261001","TESTING_OFFLINE_DRAFT/READY_FOR_PO_REVIEW","f064264d3f3a6b7e5985728f718f38287043e55899dcd5f305744b2061170608","1635456","1254","1254","builtin_image_gen","../pipeline-qa-and-prompt-anchor.md","../revised-copy-vi-v2.json","634db62f615f294d125a8355aac2862e2faebc12d3910ab2c3876d6ce625304b","8f51b8d3144670206a2517f1be0b9bc2b4b7f7bcadaa671f0bd666b88a19e052","B1","prompts.md","tool-receipts.json","official-digiwin-logo","../../production-r3/dependencies/digiwin-logo.webp","590fad6849066b20419100dd8e19a87565c378957c861c06189e47bfe2d45e4f","historical-A1-style","../a1-pilot/A1-v1-native.png","78e7611bbccd68424c2280b62785cea898a9727d293cf6c6e79b93571edecc38","","official-digiwin-logo;historical-A1-style"
"remaining-B2-v2-native-png","B2-v2-native.png","VI-V2-po-rules-20261001","TESTING_OFFLINE_DRAFT/READY_FOR_PO_REVIEW","18f10926d26b2416ad269f5f7b2c51c6e96ec1b31cfb24da3d019eaa2155d334","1645303","1254","1254","builtin_image_gen","../pipeline-qa-and-prompt-anchor.md","../revised-copy-vi-v2.json","634db62f615f294d125a8355aac2862e2faebc12d3910ab2c3876d6ce625304b","8f51b8d3144670206a2517f1be0b9bc2b4b7f7bcadaa671f0bd666b88a19e052","B2","prompts.md","tool-receipts.json","official-digiwin-logo","../../production-r3/dependencies/digiwin-logo.webp","590fad6849066b20419100dd8e19a87565c378957c861c06189e47bfe2d45e4f","historical-A1-style","../a1-pilot/A1-v1-native.png","78e7611bbccd68424c2280b62785cea898a9727d293cf6c6e79b93571edecc38","","official-digiwin-logo;historical-A1-style"
"remaining-B3-v2-native-png","B3-v2-native.png","VI-V2-po-rules-20261001","TESTING_OFFLINE_DRAFT/READY_FOR_PO_REVIEW","5246fc7d477aac72b4d78451c6888f4ed7c74ee757c4c02b8ec262985d8a9376","1705836","1254","1254","builtin_image_gen","../pipeline-qa-and-prompt-anchor.md","../revised-copy-vi-v2.json","634db62f615f294d125a8355aac2862e2faebc12d3910ab2c3876d6ce625304b","8f51b8d3144670206a2517f1be0b9bc2b4b7f7bcadaa671f0bd666b88a19e052","B3","prompts.md","tool-receipts.json","official-digiwin-logo","../../production-r3/dependencies/digiwin-logo.webp","590fad6849066b20419100dd8e19a87565c378957c861c06189e47bfe2d45e4f","historical-A1-style","../a1-pilot/A1-v1-native.png","78e7611bbccd68424c2280b62785cea898a9727d293cf6c6e79b93571edecc38","","official-digiwin-logo;historical-A1-style"
"remaining-B4-v2-native-png","B4-v2-native.png","VI-V2-po-rules-20261001","TESTING_OFFLINE_DRAFT/READY_FOR_PO_REVIEW","d62876f9df8007afcb45759f14b4e1c8bc345dd2e08a261045e69670c15bdd9e","1671603","1254","1254","builtin_image_gen","../pipeline-qa-and-prompt-anchor.md","../revised-copy-vi-v2.json","634db62f615f294d125a8355aac2862e2faebc12d3910ab2c3876d6ce625304b","8f51b8d3144670206a2517f1be0b9bc2b4b7f7bcadaa671f0bd666b88a19e052","B4","prompts.md","tool-receipts.json","official-digiwin-logo","../../production-r3/dependencies/digiwin-logo.webp","590fad6849066b20419100dd8e19a87565c378957c861c06189e47bfe2d45e4f","historical-A1-style","../a1-pilot/A1-v1-native.png","78e7611bbccd68424c2280b62785cea898a9727d293cf6c6e79b93571edecc38","","official-digiwin-logo;historical-A1-style"
"remaining-contract-md","contract.md","VI-V2-po-rules-20261001","TESTING_OFFLINE_DRAFT/READY_FOR_PO_REVIEW","1b2bc786f8d7bd15d8ac0b0099f19f67b12fa0e0ab28af4ff96fb14b9f0bdfba","2378","","","documentation","../pipeline-qa-and-prompt-anchor.md","../revised-copy-vi-v2.json","634db62f615f294d125a8355aac2862e2faebc12d3910ab2c3876d6ce625304b","8f51b8d3144670206a2517f1be0b9bc2b4b7f7bcadaa671f0bd666b88a19e052","contract","prompts.md","tool-receipts.json","official-digiwin-logo","../../production-r3/dependencies/digiwin-logo.webp","590fad6849066b20419100dd8e19a87565c378957c861c06189e47bfe2d45e4f","historical-A1-style","../a1-pilot/A1-v1-native.png","78e7611bbccd68424c2280b62785cea898a9727d293cf6c6e79b93571edecc38","",""
"remaining-handoff-md","handoff.md","VI-V2-po-rules-20261001","TESTING_OFFLINE_DRAFT/READY_FOR_PO_REVIEW","2135e5054423d49371baca72327afa2c2f3b988e62ca1c4c35e73931d0784ad2","2836","","","documentation","../pipeline-qa-and-prompt-anchor.md","../revised-copy-vi-v2.json","634db62f615f294d125a8355aac2862e2faebc12d3910ab2c3876d6ce625304b","8f51b8d3144670206a2517f1be0b9bc2b4b7f7bcadaa671f0bd666b88a19e052","handoff","prompts.md","tool-receipts.json","official-digiwin-logo","../../production-r3/dependencies/digiwin-logo.webp","590fad6849066b20419100dd8e19a87565c378957c861c06189e47bfe2d45e4f","historical-A1-style","../a1-pilot/A1-v1-native.png","78e7611bbccd68424c2280b62785cea898a9727d293cf6c6e79b93571edecc38","",""
"remaining-prompts-md","prompts.md","VI-V2-po-rules-20261001","TESTING_OFFLINE_DRAFT/READY_FOR_PO_REVIEW","6cd8a85f44640e9fc4dc39dea9ef433a1d525b89c6fd66f13fc2f4de680df131","13403","","","documentation","../pipeline-qa-and-prompt-anchor.md","../revised-copy-vi-v2.json","634db62f615f294d125a8355aac2862e2faebc12d3910ab2c3876d6ce625304b","8f51b8d3144670206a2517f1be0b9bc2b4b7f7bcadaa671f0bd666b88a19e052","prompts","prompts.md","tool-receipts.json","official-digiwin-logo","../../production-r3/dependencies/digiwin-logo.webp","590fad6849066b20419100dd8e19a87565c378957c861c06189e47bfe2d45e4f","historical-A1-style","../a1-pilot/A1-v1-native.png","78e7611bbccd68424c2280b62785cea898a9727d293cf6c6e79b93571edecc38","",""
"remaining-README-md","README.md","VI-V2-po-rules-20261001","TESTING_OFFLINE_DRAFT/READY_FOR_PO_REVIEW","a137d28a9b5a5c839e75a651a1c4a4ab8afd9bd3e6aac46931d4020ef92becfb","670","","","documentation","../pipeline-qa-and-prompt-anchor.md","../revised-copy-vi-v2.json","634db62f615f294d125a8355aac2862e2faebc12d3910ab2c3876d6ce625304b","8f51b8d3144670206a2517f1be0b9bc2b4b7f7bcadaa671f0bd666b88a19e052","README","prompts.md","tool-receipts.json","official-digiwin-logo","../../production-r3/dependencies/digiwin-logo.webp","590fad6849066b20419100dd8e19a87565c378957c861c06189e47bfe2d45e4f","historical-A1-style","../a1-pilot/A1-v1-native.png","78e7611bbccd68424c2280b62785cea898a9727d293cf6c6e79b93571edecc38","",""
"remaining-source-copy-json","source-copy.json","VI-V2-po-rules-20261001","TESTING_OFFLINE_DRAFT/READY_FOR_PO_REVIEW","634db62f615f294d125a8355aac2862e2faebc12d3910ab2c3876d6ce625304b","13073","","","documentation","../pipeline-qa-and-prompt-anchor.md","../revised-copy-vi-v2.json","634db62f615f294d125a8355aac2862e2faebc12d3910ab2c3876d6ce625304b","8f51b8d3144670206a2517f1be0b9bc2b4b7f7bcadaa671f0bd666b88a19e052","source","prompts.md","tool-receipts.json","official-digiwin-logo","../../production-r3/dependencies/digiwin-logo.webp","590fad6849066b20419100dd8e19a87565c378957c861c06189e47bfe2d45e4f","historical-A1-style","../a1-pilot/A1-v1-native.png","78e7611bbccd68424c2280b62785cea898a9727d293cf6c6e79b93571edecc38","",""
"remaining-source-copy-md","source-copy.md","VI-V2-po-rules-20261001","TESTING_OFFLINE_DRAFT/READY_FOR_PO_REVIEW","87336c3812845319765928889067fb980b282d0be1c72c266c9b7603a07c24aa","12068","","","documentation","../pipeline-qa-and-prompt-anchor.md","../revised-copy-vi-v2.json","634db62f615f294d125a8355aac2862e2faebc12d3910ab2c3876d6ce625304b","8f51b8d3144670206a2517f1be0b9bc2b4b7f7bcadaa671f0bd666b88a19e052","source","prompts.md","tool-receipts.json","official-digiwin-logo","../../production-r3/dependencies/digiwin-logo.webp","590fad6849066b20419100dd8e19a87565c378957c861c06189e47bfe2d45e4f","historical-A1-style","../a1-pilot/A1-v1-native.png","78e7611bbccd68424c2280b62785cea898a9727d293cf6c6e79b93571edecc38","",""
"remaining-tool-receipts-json","tool-receipts.json","VI-V2-po-rules-20261001","TESTING_OFFLINE_DRAFT/READY_FOR_PO_REVIEW","59b122ab712cb09872b6aa832293864db23c0b28eef7ea8345bd5a7c81093f21","4021","","","documentation","../pipeline-qa-and-prompt-anchor.md","../revised-copy-vi-v2.json","634db62f615f294d125a8355aac2862e2faebc12d3910ab2c3876d6ce625304b","8f51b8d3144670206a2517f1be0b9bc2b4b7f7bcadaa671f0bd666b88a19e052","tool","prompts.md","tool-receipts.json","official-digiwin-logo","../../production-r3/dependencies/digiwin-logo.webp","590fad6849066b20419100dd8e19a87565c378957c861c06189e47bfe2d45e4f","historical-A1-style","../a1-pilot/A1-v1-native.png","78e7611bbccd68424c2280b62785cea898a9727d293cf6c6e79b93571edecc38","",""
