record_id,image_path,reuse_of,image_sha256,bytes,width,height,copy_revision,copy_sha256,tool_mode,original_generated_name,status
A1,A1-shared-native.png,,dc10d2826421005a8d89a00d4686bc0d31b842f4c421a8de1cf1c1870e3e80ed,1549596,1254,1254,operations-imagegen-r1-copy-snapshot,0bfdd6c78e1b98acfc7409779fad7875af4003af04c4f5d3be1d3f479af00b54,builtin_imagegen_native,exec-bc9c9792-b04a-463a-a246-bbe185c99ac3.png,FULL_OFFLINE_NATIVE_PARENT_RENDER_BLOCKED
A2,A2-native.png,,feec44d18673694c34a40203ab7b3986c8bf16af044c79832d06c2bce390d9ae,1636825,1254,1254,operations-imagegen-r1-copy-snapshot,0bfdd6c78e1b98acfc7409779fad7875af4003af04c4f5d3be1d3f479af00b54,builtin_imagegen_native,exec-49ac4e40-5f76-4d34-b395-e31c6879240c.png,FULL_OFFLINE_NATIVE_PARENT_RENDER_BLOCKED
A3,A3-native.png,,ae977cbe435ba7ecadc42991cf77bad502224f7a67c85d659c43d2f27c21e173,1617221,1254,1254,operations-imagegen-r1-copy-snapshot,0bfdd6c78e1b98acfc7409779fad7875af4003af04c4f5d3be1d3f479af00b54,builtin_imagegen_native,exec-fa8bf6c0-39d9-4a4a-badf-5da3a633c3a6.png,FULL_OFFLINE_NATIVE_PARENT_RENDER_BLOCKED
A4,A4-native.png,,3a36fa21fe3963de44250c4f673db070288d7c46b8344adbf6aae7ef94682a53,1742466,1254,1254,operations-imagegen-r1-copy-snapshot,0bfdd6c78e1b98acfc7409779fad7875af4003af04c4f5d3be1d3f479af00b54,builtin_imagegen_native,exec-2bc69bd8-234c-4b20-b298-7957e2346db2.png,FULL_OFFLINE_NATIVE_PARENT_RENDER_BLOCKED
A5,A5-shared-native.png,,50567d3d976db5012dfad8124976c4dc79e0add208c0ac5121918a7e00419150,1558484,1254,1254,operations-imagegen-r1-copy-snapshot,0bfdd6c78e1b98acfc7409779fad7875af4003af04c4f5d3be1d3f479af00b54,builtin_imagegen_native,exec-f52b8886-4bd2-40b1-a44d-274b277dddfc.png,FULL_OFFLINE_NATIVE_PARENT_RENDER_BLOCKED
B1,A1-shared-native.png,A1,dc10d2826421005a8d89a00d4686bc0d31b842f4c421a8de1cf1c1870e3e80ed,1549596,1254,1254,operations-imagegen-r1-copy-snapshot,0bfdd6c78e1b98acfc7409779fad7875af4003af04c4f5d3be1d3f479af00b54,builtin_imagegen_native,exec-bc9c9792-b04a-463a-a246-bbe185c99ac3.png,FULL_OFFLINE_NATIVE_PARENT_RENDER_BLOCKED
B2,B2-native.png,,d476b957c8eeb9f9d62a0cc5516052a71fa47bcd050313d30ccf431704bdc7b9,1688578,1254,1254,operations-imagegen-r1-copy-snapshot,0bfdd6c78e1b98acfc7409779fad7875af4003af04c4f5d3be1d3f479af00b54,builtin_imagegen_native,exec-d4062655-0a90-41ec-9365-53714711caa7.png,FULL_OFFLINE_NATIVE_PARENT_RENDER_BLOCKED
B3,B3-native.png,,8a6a6e7363b316bf8a318b023acca6b24dea967a61206b6fb1037a6e1e6023ef,1616647,1254,1254,operations-imagegen-r1-copy-snapshot,0bfdd6c78e1b98acfc7409779fad7875af4003af04c4f5d3be1d3f479af00b54,builtin_imagegen_native,exec-4032117b-5444-4e04-b00b-3a287868725d.png,FULL_OFFLINE_NATIVE_PARENT_RENDER_BLOCKED
B4,B4-native.png,,d33d8cf79823909c27f0911307442c84603d16dcc1204b006727d189730d90a2,1696938,1254,1254,operations-imagegen-r1-copy-snapshot,0bfdd6c78e1b98acfc7409779fad7875af4003af04c4f5d3be1d3f479af00b54,builtin_imagegen_native,exec-585115e2-35c8-4cb8-b9b9-d78e9dd5ece6.png,FULL_OFFLINE_NATIVE_PARENT_RENDER_BLOCKED
B5,A5-shared-native.png,A5,50567d3d976db5012dfad8124976c4dc79e0add208c0ac5121918a7e00419150,1558484,1254,1254,operations-imagegen-r1-copy-snapshot,0bfdd6c78e1b98acfc7409779fad7875af4003af04c4f5d3be1d3f479af00b54,builtin_imagegen_native,exec-f52b8886-4bd2-40b1-a44d-274b277dddfc.png,FULL_OFFLINE_NATIVE_PARENT_RENDER_BLOCKED
