id,relative_path,revision,status,sha256,bytes,width,height,anchor_sha256,acceptance_receipt_sha256,source_map,tool_mode
r2-complete-A4-native-png,A4-native.png,r2-complete-carousel,SUCCESS_OFFLINE_COMPLETE/HUMAN_READY,320c08cc1d5c8ad4286ea53215d130d846793c9383acae6b827d5808897865e7,1633630,1254,1254,ddcea15869fdd5ee0a2e4e9d5e4ca34e0ece139db969c036b73131d3362be18b,dfd6131800ba620356175893379b1509ae8a30b79259e5a77ab5cafb587cb374,source-map.json,builtin_imagegen_native
r2-complete-A5-shared-native-png,A5-shared-native.png,r2-complete-carousel,SUCCESS_OFFLINE_COMPLETE/HUMAN_READY,2bdaab05c0d6f813614e9abbeea97c3dba1971c63f8d506a6cc996b32689ad79,1544835,1254,1254,ddcea15869fdd5ee0a2e4e9d5e4ca34e0ece139db969c036b73131d3362be18b,dfd6131800ba620356175893379b1509ae8a30b79259e5a77ab5cafb587cb374,source-map.json,builtin_imagegen_native
r2-complete-B3-native-png,B3-native.png,r2-complete-carousel,SUCCESS_OFFLINE_COMPLETE/HUMAN_READY,5d6edb42ffc9d68b064726bf294ae4226be4cfdffe38d07e59c68499ea17356b,1609188,1254,1254,ddcea15869fdd5ee0a2e4e9d5e4ca34e0ece139db969c036b73131d3362be18b,dfd6131800ba620356175893379b1509ae8a30b79259e5a77ab5cafb587cb374,source-map.json,builtin_imagegen_native
r2-complete-B4-native-png,B4-native.png,r2-complete-carousel,SUCCESS_OFFLINE_COMPLETE/HUMAN_READY,4fe9bc9d6c14a7c88a1b2a26917b7040da0b34ce2af167222f01d2d57aae1cd3,1739565,1254,1254,ddcea15869fdd5ee0a2e4e9d5e4ca34e0ece139db969c036b73131d3362be18b,dfd6131800ba620356175893379b1509ae8a30b79259e5a77ab5cafb587cb374,source-map.json,builtin_imagegen_native
r2-complete-build_fixture-py,build_fixture.py,r2-complete-carousel,SUCCESS_OFFLINE_COMPLETE/HUMAN_READY,7421ced5992057d8932837b4ad0bea235c49361acac806c19a88902314ca0066,2760,,,ddcea15869fdd5ee0a2e4e9d5e4ca34e0ece139db969c036b73131d3362be18b,dfd6131800ba620356175893379b1509ae8a30b79259e5a77ab5cafb587cb374,source-map.json,documentation_or_fixture
r2-complete-contract-md,contract.md,r2-complete-carousel,SUCCESS_OFFLINE_COMPLETE/HUMAN_READY,2676dab003b15e21a849a9435092f76cc8e545f99f469b7586c34c84981375f9,2204,,,ddcea15869fdd5ee0a2e4e9d5e4ca34e0ece139db969c036b73131d3362be18b,dfd6131800ba620356175893379b1509ae8a30b79259e5a77ab5cafb587cb374,source-map.json,documentation_or_fixture
r2-complete-copy-vi-json,copy-vi.json,r2-complete-carousel,SUCCESS_OFFLINE_COMPLETE/HUMAN_READY,f1fbff11bca771f2db484a717b27a1cff2b916e381d31428c5a91391c4812a94,14727,,,ddcea15869fdd5ee0a2e4e9d5e4ca34e0ece139db969c036b73131d3362be18b,dfd6131800ba620356175893379b1509ae8a30b79259e5a77ab5cafb587cb374,source-map.json,documentation_or_fixture
r2-complete-copy-vi-md,copy-vi.md,r2-complete-carousel,SUCCESS_OFFLINE_COMPLETE/HUMAN_READY,54fa4e70daaf2f7f80efe02f42ce62383e1fe7ea1370341d660a18ee3ffc90ea,7913,,,ddcea15869fdd5ee0a2e4e9d5e4ca34e0ece139db969c036b73131d3362be18b,dfd6131800ba620356175893379b1509ae8a30b79259e5a77ab5cafb587cb374,source-map.json,documentation_or_fixture
r2-complete-handoff-md,handoff.md,r2-complete-carousel,SUCCESS_OFFLINE_COMPLETE/HUMAN_READY,a75744bf8dc6158cc7e67655fe735c72b6a2819d1d5457862c1c847f9e613c35,1281,,,ddcea15869fdd5ee0a2e4e9d5e4ca34e0ece139db969c036b73131d3362be18b,dfd6131800ba620356175893379b1509ae8a30b79259e5a77ab5cafb587cb374,source-map.json,documentation_or_fixture
r2-complete-human-review-receipt-md,human-review-receipt.md,r2-complete-carousel,SUCCESS_OFFLINE_COMPLETE/HUMAN_READY,2c2fe5660289e538cb740bd72ea71d4e1ade2f0fa6a502824fe667b94e21180c,1712,,,ddcea15869fdd5ee0a2e4e9d5e4ca34e0ece139db969c036b73131d3362be18b,dfd6131800ba620356175893379b1509ae8a30b79259e5a77ab5cafb587cb374,source-map.json,documentation_or_fixture
r2-complete-imagegen-prompts-md,imagegen-prompts.md,r2-complete-carousel,SUCCESS_OFFLINE_COMPLETE/HUMAN_READY,6868c514975e539de40bd57a4c62a59b2ee1daec3569637d16ffc20e4c14ace9,5441,,,ddcea15869fdd5ee0a2e4e9d5e4ca34e0ece139db969c036b73131d3362be18b,dfd6131800ba620356175893379b1509ae8a30b79259e5a77ab5cafb587cb374,source-map.json,documentation_or_fixture
r2-complete-imagegen-receipt-json,imagegen-receipt.json,r2-complete-carousel,SUCCESS_OFFLINE_COMPLETE/HUMAN_READY,38da41f8912d2f26a8a17a1fcd5c5436ba19000cfb2d4d798ddc8e64b395bfe6,3150,,,ddcea15869fdd5ee0a2e4e9d5e4ca34e0ece139db969c036b73131d3362be18b,dfd6131800ba620356175893379b1509ae8a30b79259e5a77ab5cafb587cb374,source-map.json,documentation_or_fixture
r2-complete-index-html,index.html,r2-complete-carousel,SUCCESS_OFFLINE_COMPLETE/HUMAN_READY,e2b7fca07bfce8dcd7e4f7fee303336f0c57a1d4d61be0d9e8a2f7a43bbb42e2,21935841,,,ddcea15869fdd5ee0a2e4e9d5e4ca34e0ece139db969c036b73131d3362be18b,dfd6131800ba620356175893379b1509ae8a30b79259e5a77ab5cafb587cb374,source-map.json,documentation_or_fixture
r2-complete-labels-and-qa-json,labels-and-qa.json,r2-complete-carousel,SUCCESS_OFFLINE_COMPLETE/HUMAN_READY,3f3b0310a564ca9c987b342a66a5fd39d5e68a5ba34e05e1d88315f4044c8280,1233,,,ddcea15869fdd5ee0a2e4e9d5e4ca34e0ece139db969c036b73131d3362be18b,dfd6131800ba620356175893379b1509ae8a30b79259e5a77ab5cafb587cb374,source-map.json,documentation_or_fixture
r2-complete-README-md,README.md,r2-complete-carousel,SUCCESS_OFFLINE_COMPLETE/HUMAN_READY,f3a6d8a544022cc20bc0eb8b2959f15ab8aafc89f45f755ba5ae2f45a6ab9583,1375,,,ddcea15869fdd5ee0a2e4e9d5e4ca34e0ece139db969c036b73131d3362be18b,dfd6131800ba620356175893379b1509ae8a30b79259e5a77ab5cafb587cb374,source-map.json,documentation_or_fixture
r2-complete-rendered-copy-json,rendered-copy.json,r2-complete-carousel,SUCCESS_OFFLINE_COMPLETE/HUMAN_READY,a943c76071cb65153108140c9ee13962ebc78f3598c31a9090d8ba9068f293f4,14883,,,ddcea15869fdd5ee0a2e4e9d5e4ca34e0ece139db969c036b73131d3362be18b,dfd6131800ba620356175893379b1509ae8a30b79259e5a77ab5cafb587cb374,source-map.json,documentation_or_fixture
r2-complete-source-map-json,source-map.json,r2-complete-carousel,SUCCESS_OFFLINE_COMPLETE/HUMAN_READY,ce290952485aa24f6a8f4dccf380b03fba701c7a2adef3da42a972c3c393173e,6162,,,ddcea15869fdd5ee0a2e4e9d5e4ca34e0ece139db969c036b73131d3362be18b,dfd6131800ba620356175893379b1509ae8a30b79259e5a77ab5cafb587cb374,source-map.json,documentation_or_fixture
r2-complete-storyboard-and-claims-md,storyboard-and-claims.md,r2-complete-carousel,SUCCESS_OFFLINE_COMPLETE/HUMAN_READY,48ed52c1f8f892e911a4a0cde4e51a004f4d5d75d62e8cc4c521f4c411c0883e,2270,,,ddcea15869fdd5ee0a2e4e9d5e4ca34e0ece139db969c036b73131d3362be18b,dfd6131800ba620356175893379b1509ae8a30b79259e5a77ab5cafb587cb374,source-map.json,documentation_or_fixture
r2-complete-template-html,template.html,r2-complete-carousel,SUCCESS_OFFLINE_COMPLETE/HUMAN_READY,0d0658958abd27976ba17a9746f8fc6937fd44648cd80d6a109a14b47d974c06,10378,,,ddcea15869fdd5ee0a2e4e9d5e4ca34e0ece139db969c036b73131d3362be18b,dfd6131800ba620356175893379b1509ae8a30b79259e5a77ab5cafb587cb374,source-map.json,documentation_or_fixture
