path,sha256,bytes
build.py,137761a2e30fef25741442951045805964b728c514173647bbb94a7c1aacffe7,2872
copy-vi.json,a9bd3fe7f17ee844028bdcec96b54bdfe576c6a8d5716d1973bb35952d4c7403,5186
copy-vi.md,cb3f7bf25f12ec043793394c3965f57a3c5f97f5d70a8ed0d599340ba3b6c465,2006
desktop-1.png,1b45021482f621f51b134646fd81951e7aa665370d8be035c720a2483154dcd5,403798
desktop-2.png,e5fc6e6f3b17023afa4809d8bdce4efeca319006aecc14e8ebf0664cb2253bb3,403854
desktop-3.png,a464f48d63404304f455ae5464caaef72a2ace388b2782cd590ed373c12c4198,399773
desktop-4.png,31a78c35c52f51e386ceeeefcffaec8c890d7a55d750db83fb8baceccaf1d267,354547
desktop-5.png,42e821a55ac7904b95130ae86bb1ef03181a1368fffb94c4f917facf9512b86c,329857
imagegen-prompts.md,598c87b8432147161e691040e125fa99ed60f926ba52e23c9a102426d65846f9,8088
imagegen-receipt.json,db0f6c636f936456d4abe05a12f369d54a216ea3512fc322970f322b98f5b0b7,1940
index.html,b9a4387a4f25a74f45412e159911f1eda2ebba9cf2b1aab20546e5596e9e1c96,11757674
mobile-1.png,b61afe418ab073cab96c953b111257817bfd0e343f7f299ac4abf32783a4ef21,186928
mobile-2.png,587dbe641da401378687baf5ef7d24728c7bd696363a2557a15501252b2b0882,197045
mobile-3.png,1258a013af2321ae901a77885361461dd8edeb66f4a9c16bcd03a062b9c50a80,192985
mobile-4.png,e5d2d51f7f712df5d267fbd642f4b05373741cb0f361124c754ee25024f2763e,177428
mobile-5.png,645673e2fbc6877acf65c3334ac230811e4c64bc292752db4dcc9ae9b2f35491,168199
R1-native.png,4d642e90b3cf359c5ccdb86c5b435d36c547cf1971fc1d5197a7137f13e9af6d,1785574
R2-native.png,ca09197ad5286957c9b4934a62daf86d86be69e37bf4fbe8518a3360c65d9886,1865826
R3-native.png,300ece75cbae9870ff8194fd442ef75932702eac5d74949f3598feb7d3cccd8e,1811747
R4-native.png,bb17da5f817bba2c972e6dc1c59f67b2cf4b4eb896347f0b603434d137424da3,1583615
R5-native.png,967869a36713797d9a3f0d7a0007bc815f7898ec75d52f8527d16622ce8a0afe,1756843
README.md,bb7917fc2448d25fc2b355cc2e5b60d21efe8d291c943cfa92129ca3fff96dad,2118
render-evidence.json,a9beef4976c41858942a5ad1c58b7e2595ea52ba19c3b78a24787d311390ef32,11137
render-observations.md,d365aca7d359561e89f1841ec317ce4d2f9ca33d73e4bd97ab994d64cf813786,1119
render-qa.mjs,d12e82c8c8118c0c330b0cf2a744b03e7b2798480beca10075a2f6239651e795,3039
source-map.json,105cd27b42d2fb7c709eb888756a7631fb84fbff982a9e659be60170413481f6,1232
