treatment,persona,locale,journey_batch,journey_viewer_path,reader_repo_path,entry_query,case_entity,hosted_url,proposed_utm_source,proposed_utm_medium,proposed_utm_campaign_cold_pattern,proposed_utm_campaign_rmk_pattern,proposed_utm_content_pattern,cohort_link_location,return_target_in_repo,status
O1,OSAT Quality+Operations,en,B1,deliverables/linkedin-safe-batches/2026-10-06/B1-en-o1-v2/index.html,deliverables/linkedin-safe-batches/2026-10-06/B1-en-o1-v2/case-reader.html,?lang=en,江苏中科智芯集成科技有限公司,UNKNOWN (no hosting route proven),linkedin,paid_social,fdi_o1_en_cold_<wave>,fdi_o1_en_rmk_<wave>,b1_<creative_id>,"source_registry and readback (source_cohort_id), not in the URL",index.html (review viewer; no production equivalent),DRAFT_PROPOSAL
O1,OSAT Quality+Operations,zh-Hans,B2,deliverables/linkedin-safe-batches/2026-10-06/B2-zh-Hans-o1-v1/index.html,deliverables/linkedin-safe-batches/2026-10-06/B2-zh-Hans-o1-v1/case-reader.html,?lang=zh-Hans,江苏中科智芯集成科技有限公司,UNKNOWN (no hosting route proven),linkedin,paid_social,fdi_o1_zhhans_cold_<wave>,fdi_o1_zhhans_rmk_<wave>,b2_<creative_id>,"source_registry and readback (source_cohort_id), not in the URL",index.html (review viewer; no production equivalent),DRAFT_PROPOSAL
O1,OSAT Quality+Operations,zh-Hant,B3,deliverables/linkedin-safe-batches/2026-10-07/B3-zh-Hant-o1-v1/index.html,deliverables/linkedin-safe-batches/2026-10-07/B3-zh-Hant-o1-v1/case-reader.html,?lang=zh-Hant,江苏中科智芯集成科技有限公司,UNKNOWN (no hosting route proven),linkedin,paid_social,fdi_o1_zhhant_cold_<wave>,fdi_o1_zhhant_rmk_<wave>,b3_<creative_id>,"source_registry and readback (source_cohort_id), not in the URL",index.html (review viewer; no production equivalent),DRAFT_PROPOSAL
O2,OSAT Operations+Quality (lot handoff),en,B4,deliverables/linkedin-safe-batches/2026-10-07/B4-en-o2-v1/index.html,deliverables/linkedin-safe-batches/2026-10-07/B4-en-o2-v1/case-reader.html,?lang=en,江苏中科智芯集成科技有限公司,UNKNOWN (no hosting route proven),linkedin,paid_social,fdi_o2_en_cold_<wave>,fdi_o2_en_rmk_<wave>,b4_<creative_id>,"source_registry and readback (source_cohort_id), not in the URL",index.html (review viewer; no production equivalent),DRAFT_PROPOSAL
O2,OSAT Operations+Quality (lot handoff),zh-Hans,B5,deliverables/linkedin-safe-batches/2026-10-07/B5-zh-Hans-o2-v1/index.html,deliverables/linkedin-safe-batches/2026-10-07/B5-zh-Hans-o2-v1/case-reader.html,?lang=zh-Hans,江苏中科智芯集成科技有限公司,UNKNOWN (no hosting route proven),linkedin,paid_social,fdi_o2_zhhans_cold_<wave>,fdi_o2_zhhans_rmk_<wave>,b5_<creative_id>,"source_registry and readback (source_cohort_id), not in the URL",index.html (review viewer; no production equivalent),DRAFT_PROPOSAL
O2,OSAT Operations+Quality (lot handoff),zh-Hant,B6,deliverables/linkedin-safe-batches/parallel-osat-2026-10-07/B6-zh-Hant-o2-v1/index.html,deliverables/linkedin-safe-batches/parallel-osat-2026-10-07/B6-zh-Hant-o2-v1/case-reader.html,?lang=zh-Hant,江苏中科智芯集成科技有限公司,UNKNOWN (no hosting route proven),linkedin,paid_social,fdi_o2_zhhant_cold_<wave>,fdi_o2_zhhant_rmk_<wave>,b6_<creative_id>,"source_registry and readback (source_cohort_id), not in the URL",index.html (review viewer; no production equivalent),DRAFT_PROPOSAL
O3,OSAT Operations+Finance (month-end),en,en-osat-candidate1-v4,deliverables/linkedin-locale-dogfood/2026-10-06/en-osat-candidate1-v4/index.html,deliverables/linkedin-locale-dogfood/2026-10-06/en-osat-candidate1-v4/case-reader.html,?lang=en,江苏中科智芯集成科技有限公司,UNKNOWN (no hosting route proven),linkedin,paid_social,fdi_o3_en_cold_<wave>,fdi_o3_en_rmk_<wave>,en-osat-candidate1-v4_<creative_id>,"source_registry and readback (source_cohort_id), not in the URL",index.html (review viewer; no production equivalent),DRAFT_PROPOSAL
O3,OSAT Operations+Finance (month-end),zh-Hans,zh-Hans-osat-candidate2-v2,deliverables/linkedin-locale-dogfood/2026-10-06/zh-Hans-osat-candidate2-v2/index.html,deliverables/linkedin-locale-dogfood/2026-10-06/zh-Hans-osat-candidate2-v2/case-reader.html,?lang=zh-Hans,江苏中科智芯集成科技有限公司,UNKNOWN (no hosting route proven),linkedin,paid_social,fdi_o3_zhhans_cold_<wave>,fdi_o3_zhhans_rmk_<wave>,zh-hans-osat-candidate2-v2_<creative_id>,"source_registry and readback (source_cohort_id), not in the URL",index.html (review viewer; no production equivalent),DRAFT_PROPOSAL
O3,OSAT Operations+Finance (month-end),zh-Hant,zh-Hant-osat-candidate3-v1,deliverables/linkedin-locale-dogfood/2026-10-06/zh-Hant-osat-candidate3-v1/index.html,deliverables/linkedin-locale-dogfood/2026-10-06/zh-Hant-osat-candidate3-v1/case-reader.html,?lang=zh-Hant,江苏中科智芯集成科技有限公司,UNKNOWN (no hosting route proven),linkedin,paid_social,fdi_o3_zhhant_cold_<wave>,fdi_o3_zhhant_rmk_<wave>,zh-hant-osat-candidate3-v1_<creative_id>,"source_registry and readback (source_cohort_id), not in the URL",index.html (review viewer; no production equivalent),DRAFT_PROPOSAL
O4-O,OSAT Operations (three handoff questions),en,B7,deliverables/linkedin-safe-batches/parallel-osat-2026-10-07/B7-en-o4-o-v1/index.html,deliverables/linkedin-safe-batches/parallel-osat-2026-10-07/B7-en-o4-o-v1/case-reader.html,?lang=en,江苏中科智芯集成科技有限公司,UNKNOWN (no hosting route proven),linkedin,paid_social,fdi_o4o_en_cold_<wave>,fdi_o4o_en_rmk_<wave>,b7_<creative_id>,"source_registry and readback (source_cohort_id), not in the URL",index.html (review viewer; no production equivalent),DRAFT_PROPOSAL
O4-O,OSAT Operations (three handoff questions),zh-Hans,B8,deliverables/linkedin-safe-batches/parallel-osat-2026-10-07/B8-zh-Hans-o4-o-v1/index.html,deliverables/linkedin-safe-batches/parallel-osat-2026-10-07/B8-zh-Hans-o4-o-v1/case-reader.html,?lang=zh-Hans,江苏中科智芯集成科技有限公司,UNKNOWN (no hosting route proven),linkedin,paid_social,fdi_o4o_zhhans_cold_<wave>,fdi_o4o_zhhans_rmk_<wave>,b8_<creative_id>,"source_registry and readback (source_cohort_id), not in the URL",index.html (review viewer; no production equivalent),DRAFT_PROPOSAL
O4-O,OSAT Operations (three handoff questions),zh-Hant,B9,deliverables/linkedin-safe-batches/parallel-osat-2026-10-07/B9-zh-Hant-o4-o-v1/index.html,deliverables/linkedin-safe-batches/parallel-osat-2026-10-07/B9-zh-Hant-o4-o-v1/case-reader.html,?lang=zh-Hant,江苏中科智芯集成科技有限公司,UNKNOWN (no hosting route proven),linkedin,paid_social,fdi_o4o_zhhant_cold_<wave>,fdi_o4o_zhhant_rmk_<wave>,b9_<creative_id>,"source_registry and readback (source_cohort_id), not in the URL",index.html (review viewer; no production equivalent),DRAFT_PROPOSAL
O4-Q,OSAT Quality (unusual test results),en,B10,deliverables/linkedin-safe-batches/parallel-osat-2026-10-07/B10-en-o4-q-v1/index.html,deliverables/linkedin-safe-batches/parallel-osat-2026-10-07/B10-en-o4-q-v1/case-reader.html,?lang=en,江苏中科智芯集成科技有限公司,UNKNOWN (no hosting route proven),linkedin,paid_social,fdi_o4q_en_cold_<wave>,fdi_o4q_en_rmk_<wave>,b10_<creative_id>,"source_registry and readback (source_cohort_id), not in the URL",index.html (review viewer; no production equivalent),DRAFT_PROPOSAL
O4-Q,OSAT Quality (unusual test results),zh-Hans,B11,deliverables/linkedin-safe-batches/parallel-osat-2026-10-07/B11-zh-Hans-o4-q-v1/index.html,deliverables/linkedin-safe-batches/parallel-osat-2026-10-07/B11-zh-Hans-o4-q-v1/case-reader.html,?lang=zh-Hans,江苏中科智芯集成科技有限公司,UNKNOWN (no hosting route proven),linkedin,paid_social,fdi_o4q_zhhans_cold_<wave>,fdi_o4q_zhhans_rmk_<wave>,b11_<creative_id>,"source_registry and readback (source_cohort_id), not in the URL",index.html (review viewer; no production equivalent),DRAFT_PROPOSAL
O4-Q,OSAT Quality (unusual test results),zh-Hant,B12,deliverables/linkedin-safe-batches/parallel-osat-2026-10-07/B12-zh-Hant-o4-q-v1/index.html,deliverables/linkedin-safe-batches/parallel-osat-2026-10-07/B12-zh-Hant-o4-q-v1/case-reader.html,?lang=zh-Hant,江苏中科智芯集成科技有限公司,UNKNOWN (no hosting route proven),linkedin,paid_social,fdi_o4q_zhhant_cold_<wave>,fdi_o4q_zhhant_rmk_<wave>,b12_<creative_id>,"source_registry and readback (source_cohort_id), not in the URL",index.html (review viewer; no production equivalent),DRAFT_PROPOSAL
F1,Fabless partner production update,en,B13,deliverables/linkedin-safe-batches/parallel-fabless-2026-10-07/B13-en-f1-v5/index.html,deliverables/linkedin-safe-batches/parallel-fabless-2026-10-07/B13-en-f1-v5/case-reader.html,?lang=en,上海晶丰明源半导体股份有限公司,UNKNOWN (no hosting route proven),linkedin,paid_social,fdi_f1_en_cold_<wave>,fdi_f1_en_rmk_<wave>,b13_<creative_id>,"source_registry and readback (source_cohort_id), not in the URL",index.html (review viewer; no production equivalent),DRAFT_PROPOSAL
F1,Fabless partner production update,zh-Hans,B14,deliverables/linkedin-safe-batches/parallel-fabless-2026-10-07/B14-zh-Hans-f1-v1/index.html,deliverables/linkedin-safe-batches/parallel-fabless-2026-10-07/B14-zh-Hans-f1-v1/case-reader.html,?lang=zh-Hans,上海晶丰明源半导体股份有限公司,UNKNOWN (no hosting route proven),linkedin,paid_social,fdi_f1_zhhans_cold_<wave>,fdi_f1_zhhans_rmk_<wave>,b14_<creative_id>,"source_registry and readback (source_cohort_id), not in the URL",index.html (review viewer; no production equivalent),DRAFT_PROPOSAL
F1,Fabless partner production update,zh-Hant,B15,deliverables/linkedin-safe-batches/parallel-fabless-2026-10-07/B15-zh-Hant-f1-v3/index.html,deliverables/linkedin-safe-batches/parallel-fabless-2026-10-07/B15-zh-Hant-f1-v3/case-reader.html,?lang=zh-Hant,上海晶丰明源半导体股份有限公司,UNKNOWN (no hosting route proven),linkedin,paid_social,fdi_f1_zhhant_cold_<wave>,fdi_f1_zhhant_rmk_<wave>,b15_<creative_id>,"source_registry and readback (source_cohort_id), not in the URL",index.html (review viewer; no production equivalent),DRAFT_PROPOSAL
F2,Fabless demand change / planning,en,B16,deliverables/linkedin-safe-batches/parallel-fabless-2026-10-07/B16-en-f2-v2/index.html,deliverables/linkedin-safe-batches/parallel-fabless-2026-10-07/B16-en-f2-v2/case-reader.html,?lang=en,上海晶丰明源半导体股份有限公司,UNKNOWN (no hosting route proven),linkedin,paid_social,fdi_f2_en_cold_<wave>,fdi_f2_en_rmk_<wave>,b16_<creative_id>,"source_registry and readback (source_cohort_id), not in the URL",index.html (review viewer; no production equivalent),DRAFT_PROPOSAL
F2,Fabless demand change / planning,zh-Hans,B17,deliverables/linkedin-safe-batches/parallel-fabless-2026-10-07/B17-zh-Hans-f2-v2/index.html,deliverables/linkedin-safe-batches/parallel-fabless-2026-10-07/B17-zh-Hans-f2-v2/case-reader.html,?lang=zh-Hans,上海晶丰明源半导体股份有限公司,UNKNOWN (no hosting route proven),linkedin,paid_social,fdi_f2_zhhans_cold_<wave>,fdi_f2_zhhans_rmk_<wave>,b17_<creative_id>,"source_registry and readback (source_cohort_id), not in the URL",index.html (review viewer; no production equivalent),DRAFT_PROPOSAL
F2,Fabless demand change / planning,zh-Hant,B18,deliverables/linkedin-safe-batches/parallel-fabless-2026-10-07/B18-zh-Hant-f2-v4/index.html,deliverables/linkedin-safe-batches/parallel-fabless-2026-10-07/B18-zh-Hant-f2-v4/case-reader.html,?lang=zh-Hant,上海晶丰明源半导体股份有限公司,UNKNOWN (no hosting route proven),linkedin,paid_social,fdi_f2_zhhant_cold_<wave>,fdi_f2_zhhant_rmk_<wave>,b18_<creative_id>,"source_registry and readback (source_cohort_id), not in the URL",index.html (review viewer; no production equivalent),DRAFT_PROPOSAL
F3,Fabless partner handoff,en,B19,deliverables/linkedin-safe-batches/parallel-fabless-2026-10-07/B19-en-f3-v1/index.html,deliverables/linkedin-safe-batches/parallel-fabless-2026-10-07/B19-en-f3-v1/case-reader.html,?lang=en,上海晶丰明源半导体股份有限公司,UNKNOWN (no hosting route proven),linkedin,paid_social,fdi_f3_en_cold_<wave>,fdi_f3_en_rmk_<wave>,b19_<creative_id>,"source_registry and readback (source_cohort_id), not in the URL",index.html (review viewer; no production equivalent),DRAFT_PROPOSAL
F3,Fabless partner handoff,zh-Hans,B20,deliverables/linkedin-safe-batches/parallel-fabless-2026-10-07/B20-zh-Hans-f3-v3/index.html,deliverables/linkedin-safe-batches/parallel-fabless-2026-10-07/B20-zh-Hans-f3-v3/case-reader.html,?lang=zh-Hans,上海晶丰明源半导体股份有限公司,UNKNOWN (no hosting route proven),linkedin,paid_social,fdi_f3_zhhans_cold_<wave>,fdi_f3_zhhans_rmk_<wave>,b20_<creative_id>,"source_registry and readback (source_cohort_id), not in the URL",index.html (review viewer; no production equivalent),DRAFT_PROPOSAL
F3,Fabless partner handoff,zh-Hant,B21,deliverables/linkedin-safe-batches/parallel-fabless-2026-10-07/B21-zh-Hant-f3-v1/index.html,deliverables/linkedin-safe-batches/parallel-fabless-2026-10-07/B21-zh-Hant-f3-v1/case-reader.html,?lang=zh-Hant,上海晶丰明源半导体股份有限公司,UNKNOWN (no hosting route proven),linkedin,paid_social,fdi_f3_zhhant_cold_<wave>,fdi_f3_zhhant_rmk_<wave>,b21_<creative_id>,"source_registry and readback (source_cohort_id), not in the URL",index.html (review viewer; no production equivalent),DRAFT_PROPOSAL
P1,Supplier operations,en,B22,deliverables/linkedin-safe-batches/parallel-partner-2026-10-07/B22-en-p1-v1/supplier-v7/index.html,deliverables/linkedin-safe-batches/parallel-partner-2026-10-07/B22-en-p1-v1/supplier-v7/case-reader.html,?lang=en,Wafer Works / 合晶科技,UNKNOWN (no hosting route proven),linkedin,paid_social,fdi_p1_en_cold_<wave>,fdi_p1_en_rmk_<wave>,b22_<creative_id>,"source_registry and readback (source_cohort_id), not in the URL",index.html (review viewer; no production equivalent),DRAFT_PROPOSAL
P1,Supplier operations,zh-Hans,B23,deliverables/linkedin-safe-batches/parallel-partner-2026-10-07/B23-zh-Hans-p1-v1/index.html,deliverables/linkedin-safe-batches/parallel-partner-2026-10-07/B23-zh-Hans-p1-v1/case-reader.html,?lang=zh-Hans,Wafer Works / 合晶科技,UNKNOWN (no hosting route proven),linkedin,paid_social,fdi_p1_zhhans_cold_<wave>,fdi_p1_zhhans_rmk_<wave>,b23_<creative_id>,"source_registry and readback (source_cohort_id), not in the URL",index.html (review viewer; no production equivalent),DRAFT_PROPOSAL
P1,Supplier operations,zh-Hant,B24,deliverables/linkedin-safe-batches/parallel-partner-2026-10-07/B24-zh-Hant-p1-v2/index.html,deliverables/linkedin-safe-batches/parallel-partner-2026-10-07/B24-zh-Hant-p1-v2/case-reader.html,?lang=zh-Hant,Wafer Works / 合晶科技,UNKNOWN (no hosting route proven),linkedin,paid_social,fdi_p1_zhhant_cold_<wave>,fdi_p1_zhhant_rmk_<wave>,b24_<creative_id>,"source_registry and readback (source_cohort_id), not in the URL",index.html (review viewer; no production equivalent),DRAFT_PROPOSAL
P2,Supplier systems / factory IT,en,B25,deliverables/linkedin-safe-batches/parallel-partner-2026-10-07/B25-en-p2-v1/index.html,deliverables/linkedin-safe-batches/parallel-partner-2026-10-07/B25-en-p2-v1/case-reader.html,?lang=en,Wafer Works / 合晶科技,UNKNOWN (no hosting route proven),linkedin,paid_social,fdi_p2_en_cold_<wave>,fdi_p2_en_rmk_<wave>,b25_<creative_id>,"source_registry and readback (source_cohort_id), not in the URL",index.html (review viewer; no production equivalent),DRAFT_PROPOSAL
P2,Supplier systems / factory IT,zh-Hans,B26,deliverables/linkedin-safe-batches/parallel-partner-2026-10-07/B26-zh-Hans-p2-v1/index.html,deliverables/linkedin-safe-batches/parallel-partner-2026-10-07/B26-zh-Hans-p2-v1/case-reader.html,?lang=zh-Hans,Wafer Works / 合晶科技,UNKNOWN (no hosting route proven),linkedin,paid_social,fdi_p2_zhhans_cold_<wave>,fdi_p2_zhhans_rmk_<wave>,b26_<creative_id>,"source_registry and readback (source_cohort_id), not in the URL",index.html (review viewer; no production equivalent),DRAFT_PROPOSAL
P2,Supplier systems / factory IT,zh-Hant,B27,deliverables/linkedin-safe-batches/parallel-partner-2026-10-07/B27-zh-Hant-p2-v1/index.html,deliverables/linkedin-safe-batches/parallel-partner-2026-10-07/B27-zh-Hant-p2-v1/case-reader.html,?lang=zh-Hant,Wafer Works / 合晶科技,UNKNOWN (no hosting route proven),linkedin,paid_social,fdi_p2_zhhant_cold_<wave>,fdi_p2_zhhant_rmk_<wave>,b27_<creative_id>,"source_registry and readback (source_cohort_id), not in the URL",index.html (review viewer; no production equivalent),DRAFT_PROPOSAL
P3,Supplier quality (PCB),en,B28,deliverables/linkedin-safe-batches/parallel-partner-2026-10-07/B28-en-p3-v1/index.html,deliverables/linkedin-safe-batches/parallel-partner-2026-10-07/B28-en-p3-v1/case-reader.html,?lang=en,Wafer Works / 合晶科技,UNKNOWN (no hosting route proven),linkedin,paid_social,fdi_p3_en_cold_<wave>,fdi_p3_en_rmk_<wave>,b28_<creative_id>,"source_registry and readback (source_cohort_id), not in the URL",index.html (review viewer; no production equivalent),DRAFT_PROPOSAL
P3,Supplier quality (PCB),zh-Hans,B29,deliverables/linkedin-safe-batches/parallel-partner-2026-10-07/B29-zh-Hans-p3-v1/index.html,deliverables/linkedin-safe-batches/parallel-partner-2026-10-07/B29-zh-Hans-p3-v1/case-reader.html,?lang=zh-Hans,Wafer Works / 合晶科技,UNKNOWN (no hosting route proven),linkedin,paid_social,fdi_p3_zhhans_cold_<wave>,fdi_p3_zhhans_rmk_<wave>,b29_<creative_id>,"source_registry and readback (source_cohort_id), not in the URL",index.html (review viewer; no production equivalent),DRAFT_PROPOSAL
P3,Supplier quality (PCB),zh-Hant,B30,deliverables/linkedin-safe-batches/parallel-partner-2026-10-07/B30-zh-Hant-p3-v1/index.html,deliverables/linkedin-safe-batches/parallel-partner-2026-10-07/B30-zh-Hant-p3-v1/case-reader.html,?lang=zh-Hant,Wafer Works / 合晶科技,UNKNOWN (no hosting route proven),linkedin,paid_social,fdi_p3_zhhant_cold_<wave>,fdi_p3_zhhant_rmk_<wave>,b30_<creative_id>,"source_registry and readback (source_cohort_id), not in the URL",index.html (review viewer; no production equivalent),DRAFT_PROPOSAL
