id,relative_path,revision,status,sha256,bytes,width,height,anchor_path,anchor_sha256,acceptance_receipt_path,acceptance_receipt_sha256,source_map,prompt,tool_mode
r2-critical-A3-native-png,A3-native.png,r2-critical-pilot-actual,PARTIAL/READY_FOR_HUMAN_REVIEW,c93600b8e86e6f43c8daf2e9e103a694ca872e5fe0a17d3cd909dc437ffab97d,1681861,1254,1254,../first-touch-anchor.md,ddcea15869fdd5ee0a2e4e9d5e4ca34e0ece139db969c036b73131d3362be18b,../first-touch-po-acceptance-2026-10-01.json,dfd6131800ba620356175893379b1509ae8a30b79259e5a77ab5cafb587cb374,source-map.json,imagegen-prompts.md,builtin_imagegen_native
r2-critical-A5-shared-native-png,A5-shared-native.png,r2-critical-pilot-actual,PARTIAL/READY_FOR_HUMAN_REVIEW,dfb6da025ab358cfdc4b731283e27ed5d877ab0f67ea81ebafa15680d53773e5,1662292,1254,1254,../first-touch-anchor.md,ddcea15869fdd5ee0a2e4e9d5e4ca34e0ece139db969c036b73131d3362be18b,../first-touch-po-acceptance-2026-10-01.json,dfd6131800ba620356175893379b1509ae8a30b79259e5a77ab5cafb587cb374,source-map.json,imagegen-prompts.md,builtin_imagegen_native
r2-critical-build_fixture-py,build_fixture.py,r2-critical-pilot-actual,PARTIAL/READY_FOR_HUMAN_REVIEW,91faca5b7f52c56b5250aab03fb0334110b95c3d9c9b327a57f47271c1d5c8e1,2604,,,../first-touch-anchor.md,ddcea15869fdd5ee0a2e4e9d5e4ca34e0ece139db969c036b73131d3362be18b,../first-touch-po-acceptance-2026-10-01.json,dfd6131800ba620356175893379b1509ae8a30b79259e5a77ab5cafb587cb374,source-map.json,imagegen-prompts.md,documentation_or_fixture
r2-critical-continuity-and-claim-map-md,continuity-and-claim-map.md,r2-critical-pilot-actual,PARTIAL/READY_FOR_HUMAN_REVIEW,6e387690269a5e7aef6a92ec86b9f83274a6db0069efdaabc5b3b797c28363db,1913,,,../first-touch-anchor.md,ddcea15869fdd5ee0a2e4e9d5e4ca34e0ece139db969c036b73131d3362be18b,../first-touch-po-acceptance-2026-10-01.json,dfd6131800ba620356175893379b1509ae8a30b79259e5a77ab5cafb587cb374,source-map.json,imagegen-prompts.md,documentation_or_fixture
r2-critical-contract-md,contract.md,r2-critical-pilot-actual,PARTIAL/READY_FOR_HUMAN_REVIEW,6e7b666b7f2d9f352822891dedbb4d876bf581df325f084285b3b3c357179d7d,2290,,,../first-touch-anchor.md,ddcea15869fdd5ee0a2e4e9d5e4ca34e0ece139db969c036b73131d3362be18b,../first-touch-po-acceptance-2026-10-01.json,dfd6131800ba620356175893379b1509ae8a30b79259e5a77ab5cafb587cb374,source-map.json,imagegen-prompts.md,documentation_or_fixture
r2-critical-handoff-md,handoff.md,r2-critical-pilot-actual,PARTIAL/READY_FOR_HUMAN_REVIEW,1d82454575c88b4c0c7abfc530561ba3adc547b852bb632501f873619b808df7,1482,,,../first-touch-anchor.md,ddcea15869fdd5ee0a2e4e9d5e4ca34e0ece139db969c036b73131d3362be18b,../first-touch-po-acceptance-2026-10-01.json,dfd6131800ba620356175893379b1509ae8a30b79259e5a77ab5cafb587cb374,source-map.json,imagegen-prompts.md,documentation_or_fixture
r2-critical-human-review-receipt-md,human-review-receipt.md,r2-critical-pilot-actual,PARTIAL/READY_FOR_HUMAN_REVIEW,4c5c3cc8985ff8c6d7ef410cc4a0d1a476541a40e49035402dc9a0ac75fe3610,1523,,,../first-touch-anchor.md,ddcea15869fdd5ee0a2e4e9d5e4ca34e0ece139db969c036b73131d3362be18b,../first-touch-po-acceptance-2026-10-01.json,dfd6131800ba620356175893379b1509ae8a30b79259e5a77ab5cafb587cb374,source-map.json,imagegen-prompts.md,documentation_or_fixture
r2-critical-imagegen-prompts-md,imagegen-prompts.md,r2-critical-pilot-actual,PARTIAL/READY_FOR_HUMAN_REVIEW,8f4189308e9190bf1f1e023ad71e1d662e76f8e513fa66606af7f9007706253f,3638,,,../first-touch-anchor.md,ddcea15869fdd5ee0a2e4e9d5e4ca34e0ece139db969c036b73131d3362be18b,../first-touch-po-acceptance-2026-10-01.json,dfd6131800ba620356175893379b1509ae8a30b79259e5a77ab5cafb587cb374,source-map.json,imagegen-prompts.md,documentation_or_fixture
r2-critical-imagegen-receipt-json,imagegen-receipt.json,r2-critical-pilot-actual,PARTIAL/READY_FOR_HUMAN_REVIEW,415c270901d380adf2cb6cbc91424be6d31391413d6d8bb9a0784541207b1ea1,2002,,,../first-touch-anchor.md,ddcea15869fdd5ee0a2e4e9d5e4ca34e0ece139db969c036b73131d3362be18b,../first-touch-po-acceptance-2026-10-01.json,dfd6131800ba620356175893379b1509ae8a30b79259e5a77ab5cafb587cb374,source-map.json,imagegen-prompts.md,documentation_or_fixture
r2-critical-index-html,index.html,r2-critical-pilot-actual,PARTIAL/READY_FOR_HUMAN_REVIEW,934f1f6f2eaa1dee3e7fa3b27739170fbb7b0608f42dd8bb7b3cd1f74318a9ed,15602363,,,../first-touch-anchor.md,ddcea15869fdd5ee0a2e4e9d5e4ca34e0ece139db969c036b73131d3362be18b,../first-touch-po-acceptance-2026-10-01.json,dfd6131800ba620356175893379b1509ae8a30b79259e5a77ab5cafb587cb374,source-map.json,imagegen-prompts.md,documentation_or_fixture
r2-critical-permitted-labels-and-qa-json,permitted-labels-and-qa.json,r2-critical-pilot-actual,PARTIAL/READY_FOR_HUMAN_REVIEW,aab0c963cb6449f3d876ee325b4d6bddb320314d2d593c5d98fca21e22b164f0,778,,,../first-touch-anchor.md,ddcea15869fdd5ee0a2e4e9d5e4ca34e0ece139db969c036b73131d3362be18b,../first-touch-po-acceptance-2026-10-01.json,dfd6131800ba620356175893379b1509ae8a30b79259e5a77ab5cafb587cb374,source-map.json,imagegen-prompts.md,documentation_or_fixture
r2-critical-proposed-copy-json,proposed-copy.json,r2-critical-pilot-actual,PARTIAL/READY_FOR_HUMAN_REVIEW,208f92fb13c63fec3c8fd6a01c906290fd930a9a8e7445f85a402a890ebabacb,5126,,,../first-touch-anchor.md,ddcea15869fdd5ee0a2e4e9d5e4ca34e0ece139db969c036b73131d3362be18b,../first-touch-po-acceptance-2026-10-01.json,dfd6131800ba620356175893379b1509ae8a30b79259e5a77ab5cafb587cb374,source-map.json,imagegen-prompts.md,documentation_or_fixture
r2-critical-proposed-copy-md,proposed-copy.md,r2-critical-pilot-actual,PARTIAL/READY_FOR_HUMAN_REVIEW,db0cf4ee07076202223a4c81d0ae7e36753d547e6f2f1c56b8fc2c93024c7fb6,1933,,,../first-touch-anchor.md,ddcea15869fdd5ee0a2e4e9d5e4ca34e0ece139db969c036b73131d3362be18b,../first-touch-po-acceptance-2026-10-01.json,dfd6131800ba620356175893379b1509ae8a30b79259e5a77ab5cafb587cb374,source-map.json,imagegen-prompts.md,documentation_or_fixture
r2-critical-README-md,README.md,r2-critical-pilot-actual,PARTIAL/READY_FOR_HUMAN_REVIEW,2924092e8017f2ceec89ec7435624d780e0b51db0d07afc0e5df7686a83eec6b,1588,,,../first-touch-anchor.md,ddcea15869fdd5ee0a2e4e9d5e4ca34e0ece139db969c036b73131d3362be18b,../first-touch-po-acceptance-2026-10-01.json,dfd6131800ba620356175893379b1509ae8a30b79259e5a77ab5cafb587cb374,source-map.json,imagegen-prompts.md,documentation_or_fixture
r2-critical-rendered-copy-json,rendered-copy.json,r2-critical-pilot-actual,PARTIAL/READY_FOR_HUMAN_REVIEW,71ff2fceec57bed4007a0064a9825912872274715c72e85b794931e781b1b1b4,10929,,,../first-touch-anchor.md,ddcea15869fdd5ee0a2e4e9d5e4ca34e0ece139db969c036b73131d3362be18b,../first-touch-po-acceptance-2026-10-01.json,dfd6131800ba620356175893379b1509ae8a30b79259e5a77ab5cafb587cb374,source-map.json,imagegen-prompts.md,documentation_or_fixture
r2-critical-source-map-json,source-map.json,r2-critical-pilot-actual,PARTIAL/READY_FOR_HUMAN_REVIEW,c8e65dc5bc566bd2aa6bd86f5fda0ce10e4d3c89c0ca795390a974c05aa3b904,4998,,,../first-touch-anchor.md,ddcea15869fdd5ee0a2e4e9d5e4ca34e0ece139db969c036b73131d3362be18b,../first-touch-po-acceptance-2026-10-01.json,dfd6131800ba620356175893379b1509ae8a30b79259e5a77ab5cafb587cb374,source-map.json,imagegen-prompts.md,documentation_or_fixture
r2-critical-template-html,template.html,r2-critical-pilot-actual,PARTIAL/READY_FOR_HUMAN_REVIEW,09ad7cd8314bf1c9bc690cb228fd04025ec041f5f05df9ee6e9dda8e588aeec7,10550,,,../first-touch-anchor.md,ddcea15869fdd5ee0a2e4e9d5e4ca34e0ece139db969c036b73131d3362be18b,../first-touch-po-acceptance-2026-10-01.json,dfd6131800ba620356175893379b1509ae8a30b79259e5a77ab5cafb587cb374,source-map.json,imagegen-prompts.md,documentation_or_fixture
