"Treatment","Locale","State","Design","Completion","OutputRoute","RequiredToggleLanguages","InitialLocale","EntryQuery","Delivery"
"O1","en","B1_FOUR_LANGUAGE_PHOTO_READER_PO_APPROVED","V3 Soft Structuralism + L3 Editorial Split","PO_APPROVED_OFFLINE_CHECKPOINT","deliverables/linkedin-safe-batches/2026-10-06/B1-en-o1-v2/case-reader.html?lang=en","vi|en|zh-Hans|zh-Hant","en","lang=en","ONE_HTML_WITH_FOUR_LANGUAGES"
"O1","zh-Hans","B2_FOUR_LANGUAGE_PHOTO_READER_PO_APPROVED","V3 Soft Structuralism + L3 Editorial Split","PO_APPROVED_OFFLINE_CHECKPOINT","deliverables/linkedin-safe-batches/2026-10-06/B2-zh-Hans-o1-v1/case-reader.html?lang=zh-Hans","vi|en|zh-Hans|zh-Hant","zh-Hans","lang=zh-Hans","ONE_HTML_WITH_FOUR_LANGUAGES"
"O1","zh-Hant","B3_FOUR_LANGUAGE_PHOTO_READER_PO_APPROVED","V3 Soft Structuralism + L3 Editorial Split","PO_APPROVED_OFFLINE_CHECKPOINT","deliverables/linkedin-safe-batches/2026-10-07/B3-zh-Hant-o1-v1/case-reader.html?lang=zh-Hant","vi|en|zh-Hans|zh-Hant","zh-Hant","lang=zh-Hant","ONE_HTML_WITH_FOUR_LANGUAGES"
"O2","en","B4_FOUR_LANGUAGE_PHOTO_READER_PO_APPROVED","V3 Soft Structuralism + L3 Editorial Split","PO_APPROVED_OFFLINE_CHECKPOINT","deliverables/linkedin-safe-batches/2026-10-07/B4-en-o2-v1/case-reader.html?lang=en","vi|en|zh-Hans|zh-Hant","en","lang=en","ONE_HTML_WITH_FOUR_LANGUAGES"
"O2","zh-Hans","B5_FOUR_LANGUAGE_PHOTO_READER_PO_APPROVED","V3 Soft Structuralism + L3 Editorial Split","PO_APPROVED_OFFLINE_CHECKPOINT","deliverables/linkedin-safe-batches/2026-10-07/B5-zh-Hans-o2-v1/case-reader.html?lang=zh-Hans","vi|en|zh-Hans|zh-Hant","zh-Hans","lang=zh-Hans","ONE_HTML_WITH_FOUR_LANGUAGES"
"O2","zh-Hant","B6_FOUR_LANGUAGE_PHOTO_READER_PO_APPROVED","V3 Soft Structuralism + L3 Editorial Split","PO_APPROVED_OFFLINE_CHECKPOINT","deliverables/linkedin-safe-batches/parallel-osat-2026-10-07/B6-zh-Hant-o2-v1/case-reader.html?lang=zh-Hant","vi|en|zh-Hans|zh-Hant","zh-Hant","lang=zh-Hant","ONE_HTML_WITH_FOUR_LANGUAGES"
"O3","en","O3_FOUR_LANGUAGE_PHOTO_READER_PO_APPROVED","V3 Soft Structuralism + L3 Editorial Split","PO_APPROVED_OFFLINE_CHECKPOINT","deliverables/linkedin-locale-dogfood/2026-10-06/en-osat-candidate1-v4/case-reader.html?lang=en","vi|en|zh-Hans|zh-Hant","en","lang=en","ONE_HTML_WITH_FOUR_LANGUAGES"
"O3","zh-Hans","O3_FOUR_LANGUAGE_PHOTO_READER_PO_APPROVED","V3 Soft Structuralism + L3 Editorial Split","PO_APPROVED_OFFLINE_CHECKPOINT","deliverables/linkedin-locale-dogfood/2026-10-06/zh-Hans-osat-candidate2-v2/case-reader.html?lang=zh-Hans","vi|en|zh-Hans|zh-Hant","zh-Hans","lang=zh-Hans","ONE_HTML_WITH_FOUR_LANGUAGES"
"O3","zh-Hant","O3_FOUR_LANGUAGE_PHOTO_READER_PO_APPROVED","V3 Soft Structuralism + L3 Editorial Split","PO_APPROVED_OFFLINE_CHECKPOINT","deliverables/linkedin-locale-dogfood/2026-10-06/zh-Hant-osat-candidate3-v1/case-reader.html?lang=zh-Hant","vi|en|zh-Hans|zh-Hant","zh-Hant","lang=zh-Hant","ONE_HTML_WITH_FOUR_LANGUAGES"
"O4-O","en","B7_FOUR_LANGUAGE_PHOTO_READER_PO_APPROVED","V3 Soft Structuralism + L3 Editorial Split","PO_APPROVED_OFFLINE_CHECKPOINT","deliverables/linkedin-safe-batches/parallel-osat-2026-10-07/B7-en-o4-o-v1/case-reader.html?lang=en","vi|en|zh-Hans|zh-Hant","en","lang=en","ONE_HTML_WITH_FOUR_LANGUAGES"
"O4-O","zh-Hans","B8_FOUR_LANGUAGE_READER_IMPLEMENTED_PO_PENDING","V3 Soft Structuralism + L3 Editorial Split","IMPLEMENTED_SELF_REVIEW_PO_PENDING","deliverables/linkedin-safe-batches/parallel-osat-2026-10-07/B8-zh-Hans-o4-o-v1/case-reader.html?lang=zh-Hans","vi|en|zh-Hans|zh-Hant","zh-Hans","lang=zh-Hans","ONE_HTML_WITH_FOUR_LANGUAGES"
"O4-O","zh-Hant","B9_FOUR_LANGUAGE_READER_IMPLEMENTED_PO_PENDING","V3 Soft Structuralism + L3 Editorial Split","IMPLEMENTED_SELF_REVIEW_PO_PENDING","deliverables/linkedin-safe-batches/parallel-osat-2026-10-07/B9-zh-Hant-o4-o-v1/case-reader.html?lang=zh-Hant","vi|en|zh-Hans|zh-Hant","zh-Hant","lang=zh-Hant","ONE_HTML_WITH_FOUR_LANGUAGES"
"O4-Q","en","B10_FOUR_LANGUAGE_READER_IMPLEMENTED_PO_PENDING","V3 Soft Structuralism + L3 Editorial Split","IMPLEMENTED_SELF_REVIEW_PO_PENDING","deliverables/linkedin-safe-batches/parallel-osat-2026-10-07/B10-en-o4-q-v1/case-reader.html?lang=en","vi|en|zh-Hans|zh-Hant","en","lang=en","ONE_HTML_WITH_FOUR_LANGUAGES"
"O4-Q","zh-Hans","B11_FOUR_LANGUAGE_READER_IMPLEMENTED_PO_PENDING","V3 Soft Structuralism + L3 Editorial Split","IMPLEMENTED_SELF_REVIEW_PO_PENDING","deliverables/linkedin-safe-batches/parallel-osat-2026-10-07/B11-zh-Hans-o4-q-v1/case-reader.html?lang=zh-Hans","vi|en|zh-Hans|zh-Hant","zh-Hans","lang=zh-Hans","ONE_HTML_WITH_FOUR_LANGUAGES"
"O4-Q","zh-Hant","B12_FOUR_LANGUAGE_READER_IMPLEMENTED_PO_PENDING","V3 Soft Structuralism + L3 Editorial Split","IMPLEMENTED_SELF_REVIEW_PO_PENDING","deliverables/linkedin-safe-batches/parallel-osat-2026-10-07/B12-zh-Hant-o4-q-v1/case-reader.html?lang=zh-Hant","vi|en|zh-Hans|zh-Hant","zh-Hant","lang=zh-Hant","ONE_HTML_WITH_FOUR_LANGUAGES"
"F1","en","B13_FOUR_LANGUAGE_READER_IMPLEMENTED_PO_PENDING","V3 Soft Structuralism + L3 Editorial Split","IMPLEMENTED_SELF_REVIEW_PO_PENDING","deliverables/linkedin-safe-batches/parallel-fabless-2026-10-07/B13-en-f1-v5/case-reader.html?lang=en","vi|en|zh-Hans|zh-Hant","en","lang=en","ONE_HTML_WITH_FOUR_LANGUAGES"
"F1","zh-Hans","B14_FOUR_LANGUAGE_READER_IMPLEMENTED_PO_PENDING","V3 Soft Structuralism + L3 Editorial Split","IMPLEMENTED_SELF_REVIEW_PO_PENDING","deliverables/linkedin-safe-batches/parallel-fabless-2026-10-07/B14-zh-Hans-f1-v1/case-reader.html?lang=zh-Hans","vi|en|zh-Hans|zh-Hant","zh-Hans","lang=zh-Hans","ONE_HTML_WITH_FOUR_LANGUAGES"
"F1","zh-Hant","B15_FOUR_LANGUAGE_READER_IMPLEMENTED_PO_PENDING","V3 Soft Structuralism + L3 Editorial Split","IMPLEMENTED_SELF_REVIEW_PO_PENDING","deliverables/linkedin-safe-batches/parallel-fabless-2026-10-07/B15-zh-Hant-f1-v3/case-reader.html?lang=zh-Hant","vi|en|zh-Hans|zh-Hant","zh-Hant","lang=zh-Hant","ONE_HTML_WITH_FOUR_LANGUAGES"
"F2","en","B16_FOUR_LANGUAGE_READER_IMPLEMENTED_PO_PENDING","V3 Soft Structuralism + L3 Editorial Split","IMPLEMENTED_SELF_REVIEW_PO_PENDING","deliverables/linkedin-safe-batches/parallel-fabless-2026-10-07/B16-en-f2-v2/case-reader.html?lang=en","vi|en|zh-Hans|zh-Hant","en","lang=en","ONE_HTML_WITH_FOUR_LANGUAGES"
"F2","zh-Hans","B17_FOUR_LANGUAGE_READER_IMPLEMENTED_PO_PENDING","V3 Soft Structuralism + L3 Editorial Split","IMPLEMENTED_SELF_REVIEW_PO_PENDING","deliverables/linkedin-safe-batches/parallel-fabless-2026-10-07/B17-zh-Hans-f2-v2/case-reader.html?lang=zh-Hans","vi|en|zh-Hans|zh-Hant","zh-Hans","lang=zh-Hans","ONE_HTML_WITH_FOUR_LANGUAGES"
"F2","zh-Hant","B18_FOUR_LANGUAGE_READER_IMPLEMENTED_PO_PENDING","V3 Soft Structuralism + L3 Editorial Split","IMPLEMENTED_SELF_REVIEW_PO_PENDING","deliverables/linkedin-safe-batches/parallel-fabless-2026-10-07/B18-zh-Hant-f2-v4/case-reader.html?lang=zh-Hant","vi|en|zh-Hans|zh-Hant","zh-Hant","lang=zh-Hant","ONE_HTML_WITH_FOUR_LANGUAGES"
"F3","en","B19_FOUR_LANGUAGE_READER_IMPLEMENTED_PO_PENDING","V3 Soft Structuralism + L3 Editorial Split","IMPLEMENTED_SELF_REVIEW_PO_PENDING","deliverables/linkedin-safe-batches/parallel-fabless-2026-10-07/B19-en-f3-v1/case-reader.html?lang=en","vi|en|zh-Hans|zh-Hant","en","lang=en","ONE_HTML_WITH_FOUR_LANGUAGES"
"F3","zh-Hans","B20_FOUR_LANGUAGE_READER_IMPLEMENTED_PO_PENDING","V3 Soft Structuralism + L3 Editorial Split","IMPLEMENTED_SELF_REVIEW_PO_PENDING","deliverables/linkedin-safe-batches/parallel-fabless-2026-10-07/B20-zh-Hans-f3-v3/case-reader.html?lang=zh-Hans","vi|en|zh-Hans|zh-Hant","zh-Hans","lang=zh-Hans","ONE_HTML_WITH_FOUR_LANGUAGES"
"F3","zh-Hant","B21_FOUR_LANGUAGE_READER_IMPLEMENTED_PO_PENDING","V3 Soft Structuralism + L3 Editorial Split","IMPLEMENTED_SELF_REVIEW_PO_PENDING","deliverables/linkedin-safe-batches/parallel-fabless-2026-10-07/B21-zh-Hant-f3-v1/case-reader.html?lang=zh-Hant","vi|en|zh-Hans|zh-Hant","zh-Hant","lang=zh-Hant","ONE_HTML_WITH_FOUR_LANGUAGES"
"P1","en","B22_FOUR_LANGUAGE_READER_IMPLEMENTED_PO_PENDING","V3 Soft Structuralism + L3 Editorial Split","IMPLEMENTED_SELF_REVIEW_PO_PENDING","deliverables/linkedin-safe-batches/parallel-partner-2026-10-07/B22-en-p1-v1/supplier-v7/case-reader.html?lang=en","vi|en|zh-Hans|zh-Hant","en","lang=en","ONE_HTML_WITH_FOUR_LANGUAGES"
"P1","zh-Hans","B23_FOUR_LANGUAGE_READER_IMPLEMENTED_PO_PENDING","V3 Soft Structuralism + L3 Editorial Split","IMPLEMENTED_SELF_REVIEW_PO_PENDING","deliverables/linkedin-safe-batches/parallel-partner-2026-10-07/B23-zh-Hans-p1-v1/case-reader.html?lang=zh-Hans","vi|en|zh-Hans|zh-Hant","zh-Hans","lang=zh-Hans","ONE_HTML_WITH_FOUR_LANGUAGES"
"P1","zh-Hant","B24_FOUR_LANGUAGE_READER_IMPLEMENTED_PO_PENDING","V3 Soft Structuralism + L3 Editorial Split","IMPLEMENTED_SELF_REVIEW_PO_PENDING","deliverables/linkedin-safe-batches/parallel-partner-2026-10-07/B24-zh-Hant-p1-v2/case-reader.html?lang=zh-Hant","vi|en|zh-Hans|zh-Hant","zh-Hant","lang=zh-Hant","ONE_HTML_WITH_FOUR_LANGUAGES"
"P2","en","B25_FOUR_LANGUAGE_READER_IMPLEMENTED_PO_PENDING","V3 Soft Structuralism + L3 Editorial Split","IMPLEMENTED_SELF_REVIEW_PO_PENDING","deliverables/linkedin-safe-batches/parallel-partner-2026-10-07/B25-en-p2-v1/case-reader.html?lang=en","vi|en|zh-Hans|zh-Hant","en","lang=en","ONE_HTML_WITH_FOUR_LANGUAGES"
"P2","zh-Hans","B26_FOUR_LANGUAGE_READER_IMPLEMENTED_PO_PENDING","V3 Soft Structuralism + L3 Editorial Split","IMPLEMENTED_SELF_REVIEW_PO_PENDING","deliverables/linkedin-safe-batches/parallel-partner-2026-10-07/B26-zh-Hans-p2-v1/case-reader.html?lang=zh-Hans","vi|en|zh-Hans|zh-Hant","zh-Hans","lang=zh-Hans","ONE_HTML_WITH_FOUR_LANGUAGES"
"P2","zh-Hant","B27_FOUR_LANGUAGE_READER_IMPLEMENTED_PO_PENDING","V3 Soft Structuralism + L3 Editorial Split","IMPLEMENTED_SELF_REVIEW_PO_PENDING","deliverables/linkedin-safe-batches/parallel-partner-2026-10-07/B27-zh-Hant-p2-v1/case-reader.html?lang=zh-Hant","vi|en|zh-Hans|zh-Hant","zh-Hant","lang=zh-Hant","ONE_HTML_WITH_FOUR_LANGUAGES"
"P3","en","B28_FOUR_LANGUAGE_READER_IMPLEMENTED_PO_PENDING","V3 Soft Structuralism + L3 Editorial Split","IMPLEMENTED_SELF_REVIEW_PO_PENDING","deliverables/linkedin-safe-batches/parallel-partner-2026-10-07/B28-en-p3-v1/case-reader.html?lang=en","vi|en|zh-Hans|zh-Hant","en","lang=en","ONE_HTML_WITH_FOUR_LANGUAGES"
"P3","zh-Hans","B29_FOUR_LANGUAGE_READER_IMPLEMENTED_PO_PENDING","V3 Soft Structuralism + L3 Editorial Split","IMPLEMENTED_SELF_REVIEW_PO_PENDING","deliverables/linkedin-safe-batches/parallel-partner-2026-10-07/B29-zh-Hans-p3-v1/case-reader.html?lang=zh-Hans","vi|en|zh-Hans|zh-Hant","zh-Hans","lang=zh-Hans","ONE_HTML_WITH_FOUR_LANGUAGES"
"P3","zh-Hant","B30_FOUR_LANGUAGE_READER_IMPLEMENTED_PO_PENDING","V3 Soft Structuralism + L3 Editorial Split","IMPLEMENTED_SELF_REVIEW_PO_PENDING","deliverables/linkedin-safe-batches/parallel-partner-2026-10-07/B30-zh-Hant-p3-v1/case-reader.html?lang=zh-Hant","vi|en|zh-Hans|zh-Hant","zh-Hant","lang=zh-Hant","ONE_HTML_WITH_FOUR_LANGUAGES"
